1791154495,ray_head,3.31%,817.4MiB / 7.225GiB
1791154495,ray_worker_a,0.89%,258.1MiB / 7.225GiB
1791154495,ray_worker_b,0.90%,260.1MiB / 7.225GiB
1791154497,ray_head,3.18%,818.1MiB / 7.225GiB
1791154497,ray_worker_a,0.78%,258.7MiB / 7.225GiB
1791154497,ray_worker_b,0.83%,260.1MiB / 7.225GiB
1791154499,ray_head,4.58%,818.2MiB / 7.225GiB
1791154499,ray_worker_a,1.05%,259MiB / 7.225GiB
1791154499,ray_worker_b,2.50%,260.5MiB / 7.225GiB
1791154501,ray_head,4.84%,819.4MiB / 7.225GiB
1791154501,ray_worker_a,0.80%,258.6MiB / 7.225GiB
1791154501,ray_worker_b,0.82%,260.5MiB / 7.225GiB
1791154503,ray_head,85.99%,1019MiB / 7.225GiB
1791154503,ray_worker_a,1.16%,259.2MiB / 7.225GiB
1791154503,ray_worker_b,1.27%,261MiB / 7.225GiB
1791154505,ray_head,115.82%,1.185GiB / 7.225GiB
1791154505,ray_worker_a,95.86%,368.3MiB / 7.225GiB
1791154505,ray_worker_b,130.35%,407.5MiB / 7.225GiB
1791154507,ray_head,17.27%,1.266GiB / 7.225GiB
1791154507,ray_worker_a,132.19%,721MiB / 7.225GiB
1791154507,ray_worker_b,117.36%,702.9MiB / 7.225GiB
1791154509,ray_head,24.17%,1.037GiB / 7.225GiB
1791154509,ray_worker_a,74.08%,1.495GiB / 7.225GiB
1791154509,ray_worker_b,61.37%,1.525GiB / 7.225GiB
1791154512,ray_head,43.16%,1018MiB / 7.225GiB
1791154512,ray_worker_a,85.92%,1.707GiB / 7.225GiB
1791154512,ray_worker_b,79.46%,1.617GiB / 7.225GiB
1791154514,ray_head,30.44%,949.2MiB / 7.225GiB
1791154514,ray_worker_a,86.71%,1.785GiB / 7.225GiB
1791154514,ray_worker_b,94.56%,1.554GiB / 7.225GiB
1791154516,ray_head,57.80%,932.5MiB / 7.225GiB
1791154516,ray_worker_a,97.03%,1.819GiB / 7.225GiB
1791154516,ray_worker_b,62.27%,1007MiB / 7.225GiB
1791154518,ray_head,14.80%,895.7MiB / 7.225GiB
1791154518,ray_worker_a,79.36%,1.757GiB / 7.225GiB
1791154518,ray_worker_b,75.78%,1.467GiB / 7.225GiB
1791154520,ray_head,30.50%,767.1MiB / 7.225GiB
1791154520,ray_worker_a,32.77%,1.841GiB / 7.225GiB
1791154520,ray_worker_b,42.55%,1.662GiB / 7.225GiB
1791154523,ray_head,24.93%,694.3MiB / 7.225GiB
1791154523,ray_worker_a,67.64%,2.047GiB / 7.225GiB
1791154523,ray_worker_b,74.64%,1.959GiB / 7.225GiB
1791154525,ray_head,51.87%,730.3MiB / 7.225GiB
1791154525,ray_worker_a,69.14%,1.576GiB / 7.225GiB
1791154525,ray_worker_b,76.71%,1.962GiB / 7.225GiB
1791154527,ray_head,33.50%,757MiB / 7.225GiB
1791154527,ray_worker_a,27.91%,1.608GiB / 7.225GiB
1791154527,ray_worker_b,28.97%,1.993GiB / 7.225GiB
1791154529,ray_head,22.82%,831.9MiB / 7.225GiB
1791154529,ray_worker_a,28.39%,1.614GiB / 7.225GiB
1791154529,ray_worker_b,32.60%,1.989GiB / 7.225GiB
1791154531,ray_head,19.03%,827.7MiB / 7.225GiB
1791154531,ray_worker_a,42.84%,1.607GiB / 7.225GiB
1791154531,ray_worker_b,49.40%,2.01GiB / 7.225GiB
1791154533,ray_head,29.35%,765.9MiB / 7.225GiB
1791154533,ray_worker_a,107.91%,1.834GiB / 7.225GiB
1791154533,ray_worker_b,100.33%,2.065GiB / 7.225GiB
1791154536,ray_head,65.48%,742.2MiB / 7.225GiB
1791154536,ray_worker_a,63.31%,1.887GiB / 7.225GiB
1791154536,ray_worker_b,70.89%,2.004GiB / 7.225GiB
1791154538,ray_head,58.66%,629.2MiB / 7.225GiB
1791154538,ray_worker_a,82.50%,1.935GiB / 7.225GiB
1791154538,ray_worker_b,98.64%,1.833GiB / 7.225GiB
1791154541,ray_head,52.46%,640.4MiB / 7.225GiB
1791154541,ray_worker_a,51.57%,1.969GiB / 7.225GiB
1791154541,ray_worker_b,111.31%,1.92GiB / 7.225GiB
1791154543,ray_head,39.29%,659.9MiB / 7.225GiB
1791154543,ray_worker_a,65.39%,1.973GiB / 7.225GiB
1791154543,ray_worker_b,80.82%,1.945GiB / 7.225GiB
1791154546,ray_head,30.95%,660.8MiB / 7.225GiB
1791154546,ray_worker_a,79.12%,2.125GiB / 7.225GiB
1791154546,ray_worker_b,70.34%,2.107GiB / 7.225GiB
1791154548,ray_head,44.36%,645.2MiB / 7.225GiB
1791154548,ray_worker_a,89.26%,2.073GiB / 7.225GiB
1791154548,ray_worker_b,65.75%,1.772GiB / 7.225GiB
1791154551,ray_head,24.04%,614.9MiB / 7.225GiB
1791154551,ray_worker_a,114.54%,2.259GiB / 7.225GiB
1791154551,ray_worker_b,70.04%,1.76GiB / 7.225GiB
1791154553,ray_head,41.04%,663MiB / 7.225GiB
1791154553,ray_worker_a,80.11%,2.331GiB / 7.225GiB
1791154553,ray_worker_b,43.87%,1.808GiB / 7.225GiB
1791154555,ray_head,36.94%,660.9MiB / 7.225GiB
1791154555,ray_worker_a,71.34%,2.383GiB / 7.225GiB
1791154555,ray_worker_b,51.92%,1.89GiB / 7.225GiB
1791154558,ray_head,23.85%,654.9MiB / 7.225GiB
1791154558,ray_worker_a,35.95%,2.388GiB / 7.225GiB
1791154558,ray_worker_b,62.76%,1.919GiB / 7.225GiB
1791154560,ray_head,51.98%,559.4MiB / 7.225GiB
1791154560,ray_worker_a,117.31%,2.139GiB / 7.225GiB
1791154560,ray_worker_b,85.19%,1.83GiB / 7.225GiB
1791154564,ray_head,68.65%,578.3MiB / 7.225GiB
1791154564,ray_worker_a,81.65%,2.09GiB / 7.225GiB
1791154564,ray_worker_b,53.57%,1.875GiB / 7.225GiB
1791154567,ray_head,53.46%,622.1MiB / 7.225GiB
1791154567,ray_worker_a,89.80%,2.117GiB / 7.225GiB
1791154567,ray_worker_b,119.30%,1.926GiB / 7.225GiB
1791154569,ray_head,37.16%,619MiB / 7.225GiB
1791154569,ray_worker_a,78.34%,2.177GiB / 7.225GiB
1791154569,ray_worker_b,117.51%,2.016GiB / 7.225GiB
1791154571,ray_head,34.87%,506.3MiB / 7.225GiB
1791154571,ray_worker_a,68.83%,1.966GiB / 7.225GiB
1791154571,ray_worker_b,77.71%,1.877GiB / 7.225GiB
1791154574,ray_head,35.70%,571.5MiB / 7.225GiB
1791154574,ray_worker_a,82.47%,2.063GiB / 7.225GiB
1791154574,ray_worker_b,70.85%,1.968GiB / 7.225GiB
1791154576,ray_head,41.12%,605.5MiB / 7.225GiB
1791154576,ray_worker_a,78.77%,2.136GiB / 7.225GiB
1791154576,ray_worker_b,39.17%,2.066GiB / 7.225GiB
1791154579,ray_head,17.28%,611.2MiB / 7.225GiB
1791154579,ray_worker_a,100.22%,2.155GiB / 7.225GiB
1791154579,ray_worker_b,75.33%,2.071GiB / 7.225GiB
1791154581,ray_head,29.80%,497.4MiB / 7.225GiB
1791154581,ray_worker_a,61.99%,2.103GiB / 7.225GiB
1791154581,ray_worker_b,70.43%,2.154GiB / 7.225GiB
1791154584,ray_head,54.17%,541.1MiB / 7.225GiB
1791154584,ray_worker_a,54.60%,2.058GiB / 7.225GiB
1791154584,ray_worker_b,64.47%,2.153GiB / 7.225GiB
1791154586,ray_head,38.85%,560.8MiB / 7.225GiB
1791154586,ray_worker_a,83.94%,2.171GiB / 7.225GiB
1791154586,ray_worker_b,73.00%,2.305GiB / 7.225GiB
1791154589,ray_head,35.02%,517.4MiB / 7.225GiB
1791154589,ray_worker_a,93.26%,2.172GiB / 7.225GiB
1791154589,ray_worker_b,83.77%,2.052GiB / 7.225GiB
1791154594,ray_head,54.03%,555MiB / 7.225GiB
1791154594,ray_worker_a,74.88%,2.202GiB / 7.225GiB
1791154594,ray_worker_b,95.12%,2.064GiB / 7.225GiB
1791154596,ray_head,40.67%,585.3MiB / 7.225GiB
1791154596,ray_worker_a,69.76%,2.306GiB / 7.225GiB
1791154596,ray_worker_b,82.74%,2.116GiB / 7.225GiB
1791154598,ray_head,11.34%,563.5MiB / 7.225GiB
1791154598,ray_worker_a,64.06%,2.08GiB / 7.225GiB
1791154598,ray_worker_b,66.36%,2.44GiB / 7.225GiB
1791154600,ray_head,49.67%,539.4MiB / 7.225GiB
1791154600,ray_worker_a,51.16%,1.998GiB / 7.225GiB
1791154600,ray_worker_b,68.48%,2.221GiB / 7.225GiB
1791154603,ray_head,53.99%,544.9MiB / 7.225GiB
1791154603,ray_worker_a,95.72%,2.066GiB / 7.225GiB
1791154603,ray_worker_b,41.77%,2.237GiB / 7.225GiB
1791154605,ray_head,54.72%,562.3MiB / 7.225GiB
1791154605,ray_worker_a,52.37%,2.107GiB / 7.225GiB
1791154605,ray_worker_b,66.48%,2.218GiB / 7.225GiB
1791154608,ray_head,13.14%,563.4MiB / 7.225GiB
1791154608,ray_worker_a,71.31%,2.166GiB / 7.225GiB
1791154608,ray_worker_b,31.13%,2.247GiB / 7.225GiB
1791154610,ray_head,15.26%,554.3MiB / 7.225GiB
1791154610,ray_worker_a,29.50%,1.981GiB / 7.225GiB
1791154610,ray_worker_b,68.18%,2.371GiB / 7.225GiB
1791154612,ray_head,63.57%,600.7MiB / 7.225GiB
1791154612,ray_worker_a,6.30%,1.976GiB / 7.225GiB
1791154612,ray_worker_b,20.44%,1.865GiB / 7.225GiB
1791154614,ray_head,44.79%,734MiB / 7.225GiB
1791154614,ray_worker_a,71.96%,1.969GiB / 7.225GiB
1791154614,ray_worker_b,136.50%,1.948GiB / 7.225GiB
1791154616,ray_head,11.30%,563.9MiB / 7.225GiB
1791154616,ray_worker_a,120.57%,2.071GiB / 7.225GiB
1791154616,ray_worker_b,78.97%,2.084GiB / 7.225GiB
1791154618,ray_head,14.58%,569.8MiB / 7.225GiB
1791154618,ray_worker_a,74.09%,2.147GiB / 7.225GiB
1791154618,ray_worker_b,92.79%,2.213GiB / 7.225GiB
1791154621,ray_head,56.43%,536.7MiB / 7.225GiB
1791154621,ray_worker_a,4.63%,1.971GiB / 7.225GiB
1791154621,ray_worker_b,10.69%,2.202GiB / 7.225GiB
1791154623,ray_head,48.04%,593.1MiB / 7.225GiB
1791154623,ray_worker_a,5.88%,1.939GiB / 7.225GiB
1791154623,ray_worker_b,5.76%,2.191GiB / 7.225GiB
1791154625,ray_head,5.77%,605.1MiB / 7.225GiB
1791154625,ray_worker_a,4.40%,1.94GiB / 7.225GiB
1791154625,ray_worker_b,5.41%,2.193GiB / 7.225GiB
1791154627,ray_head,8.30%,607.8MiB / 7.225GiB
1791154627,ray_worker_a,4.59%,1.94GiB / 7.225GiB
1791154627,ray_worker_b,3.12%,2.194GiB / 7.225GiB
1791154629,ray_head,11.35%,508.4MiB / 7.225GiB
1791154629,ray_worker_a,78.37%,2.18GiB / 7.225GiB
1791154629,ray_worker_b,5.18%,2.167GiB / 7.225GiB
1791154631,ray_head,60.04%,575.1MiB / 7.225GiB
1791154631,ray_worker_a,38.76%,2.407GiB / 7.225GiB
1791154631,ray_worker_b,59.36%,1.914GiB / 7.225GiB
1791154634,ray_head,62.39%,443.1MiB / 7.225GiB
1791154634,ray_worker_a,58.96%,2.083GiB / 7.225GiB
1791154634,ray_worker_b,82.06%,2.092GiB / 7.225GiB
1791154636,ray_head,76.54%,559.8MiB / 7.225GiB
1791154636,ray_worker_a,54.97%,2.165GiB / 7.225GiB
1791154636,ray_worker_b,146.24%,2.178GiB / 7.225GiB
1791154639,ray_head,65.91%,422.1MiB / 7.225GiB
1791154639,ray_worker_a,75.37%,2.248GiB / 7.225GiB
1791154639,ray_worker_b,72.37%,2.269GiB / 7.225GiB
1791154641,ray_head,84.53%,468.1MiB / 7.225GiB
1791154641,ray_worker_a,125.15%,2.597GiB / 7.225GiB
1791154641,ray_worker_b,41.88%,2.024GiB / 7.225GiB
1791154644,ray_head,125.07%,551.6MiB / 7.225GiB
1791154644,ray_worker_a,4.15%,2.011GiB / 7.225GiB
1791154644,ray_worker_b,147.62%,2.207GiB / 7.225GiB
1791154646,ray_head,57.55%,434MiB / 7.225GiB
1791154646,ray_worker_a,43.28%,2.098GiB / 7.225GiB
1791154646,ray_worker_b,46.21%,2GiB / 7.225GiB
1791154648,ray_head,107.74%,432.9MiB / 7.225GiB
1791154648,ray_worker_a,115.47%,2.215GiB / 7.225GiB
1791154648,ray_worker_b,8.06%,1.993GiB / 7.225GiB
1791154650,ray_head,71.35%,512.2MiB / 7.225GiB
1791154650,ray_worker_a,5.63%,1.992GiB / 7.225GiB
1791154650,ray_worker_b,152.79%,2.23GiB / 7.225GiB
1791154652,ray_head,80.55%,556.2MiB / 7.225GiB
1791154652,ray_worker_a,85.59%,2.173GiB / 7.225GiB
1791154652,ray_worker_b,13.80%,1.986GiB / 7.225GiB
1791154655,ray_head,61.04%,441.1MiB / 7.225GiB
1791154655,ray_worker_a,94.94%,1.996GiB / 7.225GiB
1791154655,ray_worker_b,9.46%,1.981GiB / 7.225GiB
1791154657,ray_head,117.11%,585.6MiB / 7.225GiB
1791154657,ray_worker_a,6.34%,1.986GiB / 7.225GiB
1791154657,ray_worker_b,108.16%,2.156GiB / 7.225GiB
1791154659,ray_head,62.76%,490.5MiB / 7.225GiB
1791154659,ray_worker_a,5.29%,1.986GiB / 7.225GiB
1791154659,ray_worker_b,88.49%,1.971GiB / 7.225GiB
1791154661,ray_head,52.62%,526.1MiB / 7.225GiB
1791154661,ray_worker_a,3.89%,1.972GiB / 7.225GiB
1791154661,ray_worker_b,82.17%,2.363GiB / 7.225GiB
1791154663,ray_head,68.00%,650.3MiB / 7.225GiB
1791154663,ray_worker_a,6.31%,1.982GiB / 7.225GiB
1791154663,ray_worker_b,95.83%,2.262GiB / 7.225GiB
1791154665,ray_head,11.17%,613.1MiB / 7.225GiB
1791154665,ray_worker_a,61.34%,2.144GiB / 7.225GiB
1791154665,ray_worker_b,95.76%,2.264GiB / 7.225GiB
1791154667,ray_head,122.19%,761.2MiB / 7.225GiB
1791154667,ray_worker_a,5.39%,2.024GiB / 7.225GiB
1791154667,ray_worker_b,6.05%,2.018GiB / 7.225GiB
1791154670,ray_head,45.39%,432.2MiB / 7.225GiB
1791154670,ray_worker_a,9.59%,2.014GiB / 7.225GiB
1791154670,ray_worker_b,132.42%,1.978GiB / 7.225GiB
1791154672,ray_head,125.09%,629.5MiB / 7.225GiB
1791154672,ray_worker_a,5.72%,2.019GiB / 7.225GiB
1791154672,ray_worker_b,5.05%,1.978GiB / 7.225GiB
1791154674,ray_head,12.08%,629MiB / 7.225GiB
1791154674,ray_worker_a,3.64%,2.021GiB / 7.225GiB
1791154674,ray_worker_b,3.34%,1.965GiB / 7.225GiB
1791154676,ray_head,14.76%,629.2MiB / 7.225GiB
1791154676,ray_worker_a,97.88%,2.298GiB / 7.225GiB
1791154676,ray_worker_b,4.30%,1.966GiB / 7.225GiB
1791154678,ray_head,9.51%,626MiB / 7.225GiB
1791154678,ray_worker_a,100.64%,2.232GiB / 7.225GiB
1791154678,ray_worker_b,4.15%,1.969GiB / 7.225GiB
1791154680,ray_head,12.99%,630.4MiB / 7.225GiB
1791154680,ray_worker_a,101.98%,2.245GiB / 7.225GiB
1791154680,ray_worker_b,3.60%,1.968GiB / 7.225GiB
1791154682,ray_head,55.88%,672.7MiB / 7.225GiB
1791154682,ray_worker_a,110.54%,2.242GiB / 7.225GiB
1791154682,ray_worker_b,5.96%,1.965GiB / 7.225GiB
1791154685,ray_head,17.76%,670.6MiB / 7.225GiB
1791154685,ray_worker_a,167.18%,2.366GiB / 7.225GiB
1791154685,ray_worker_b,4.50%,1.963GiB / 7.225GiB
1791154687,ray_head,47.49%,507.2MiB / 7.225GiB
1791154687,ray_worker_a,105.33%,1.959GiB / 7.225GiB
1791154687,ray_worker_b,19.59%,1.993GiB / 7.225GiB
1791154689,ray_head,72.12%,608.4MiB / 7.225GiB
1791154689,ray_worker_a,3.77%,1.96GiB / 7.225GiB
1791154689,ray_worker_b,142.47%,2.228GiB / 7.225GiB
1791154691,ray_head,90.60%,692.4MiB / 7.225GiB
1791154691,ray_worker_a,5.22%,1.928GiB / 7.225GiB
1791154691,ray_worker_b,7.95%,1.974GiB / 7.225GiB
1791154694,ray_head,15.01%,671.7MiB / 7.225GiB
1791154694,ray_worker_a,4.04%,1.934GiB / 7.225GiB
1791154694,ray_worker_b,4.06%,1.96GiB / 7.225GiB
1791154696,ray_head,10.84%,677.5MiB / 7.225GiB
1791154696,ray_worker_a,4.40%,1.934GiB / 7.225GiB
1791154696,ray_worker_b,5.32%,1.96GiB / 7.225GiB
1791154698,ray_head,9.35%,690.5MiB / 7.225GiB
1791154698,ray_worker_a,4.83%,1.934GiB / 7.225GiB
1791154698,ray_worker_b,4.05%,1.96GiB / 7.225GiB
1791154700,ray_head,13.20%,691.6MiB / 7.225GiB
1791154700,ray_worker_a,5.76%,1.934GiB / 7.225GiB
1791154700,ray_worker_b,4.95%,1.944GiB / 7.225GiB
1791154702,ray_head,17.54%,695.9MiB / 7.225GiB
1791154702,ray_worker_a,5.49%,1.934GiB / 7.225GiB
1791154702,ray_worker_b,5.90%,1.944GiB / 7.225GiB
1791154704,ray_head,23.43%,711.4MiB / 7.225GiB
1791154704,ray_worker_a,5.65%,1.934GiB / 7.225GiB
1791154704,ray_worker_b,80.37%,2.021GiB / 7.225GiB
1791154706,ray_head,17.66%,693.9MiB / 7.225GiB
1791154706,ray_worker_a,4.81%,1.935GiB / 7.225GiB
1791154706,ray_worker_b,93.59%,2.398GiB / 7.225GiB
1791154709,ray_head,19.77%,672.1MiB / 7.225GiB
1791154709,ray_worker_a,5.08%,1.929GiB / 7.225GiB
1791154709,ray_worker_b,91.07%,2.24GiB / 7.225GiB
1791154711,ray_head,8.64%,675.9MiB / 7.225GiB
1791154711,ray_worker_a,3.99%,1.93GiB / 7.225GiB
1791154711,ray_worker_b,99.60%,2.245GiB / 7.225GiB
1791154713,ray_head,15.24%,687MiB / 7.225GiB
1791154713,ray_worker_a,4.23%,1.93GiB / 7.225GiB
1791154713,ray_worker_b,99.53%,2.264GiB / 7.225GiB
1791154715,ray_head,12.19%,689.3MiB / 7.225GiB
1791154715,ray_worker_a,3.25%,1.932GiB / 7.225GiB
1791154715,ray_worker_b,103.75%,2.27GiB / 7.225GiB
1791154717,ray_head,13.94%,670.4MiB / 7.225GiB
1791154717,ray_worker_a,4.33%,1.932GiB / 7.225GiB
1791154717,ray_worker_b,101.04%,2.415GiB / 7.225GiB
1791154719,ray_head,10.94%,686.1MiB / 7.225GiB
1791154719,ray_worker_a,3.27%,1.929GiB / 7.225GiB
1791154719,ray_worker_b,102.10%,2.376GiB / 7.225GiB
1791154721,ray_head,17.45%,683.1MiB / 7.225GiB
1791154721,ray_worker_a,81.18%,2.042GiB / 7.225GiB
1791154721,ray_worker_b,89.69%,2.384GiB / 7.225GiB
1791154723,ray_head,21.79%,705.8MiB / 7.225GiB
1791154723,ray_worker_a,7.87%,1.971GiB / 7.225GiB
1791154723,ray_worker_b,5.67%,1.991GiB / 7.225GiB
1791154726,ray_head,10.05%,677.9MiB / 7.225GiB
1791154726,ray_worker_a,4.87%,1.967GiB / 7.225GiB
1791154726,ray_worker_b,133.13%,2.335GiB / 7.225GiB
1791154728,ray_head,100.49%,686.8MiB / 7.225GiB
1791154728,ray_worker_a,6.86%,1.972GiB / 7.225GiB
1791154728,ray_worker_b,6.42%,1.965GiB / 7.225GiB
1791154730,ray_head,13.76%,676.2MiB / 7.225GiB
1791154730,ray_worker_a,5.28%,1.97GiB / 7.225GiB
1791154730,ray_worker_b,4.31%,1.972GiB / 7.225GiB
1791154732,ray_head,11.25%,678.6MiB / 7.225GiB
1791154732,ray_worker_a,4.91%,1.97GiB / 7.225GiB
1791154732,ray_worker_b,5.41%,1.954GiB / 7.225GiB
1791154734,ray_head,11.53%,685.2MiB / 7.225GiB
1791154734,ray_worker_a,4.13%,1.97GiB / 7.225GiB
1791154734,ray_worker_b,4.04%,1.955GiB / 7.225GiB
1791154736,ray_head,8.68%,675.1MiB / 7.225GiB
1791154736,ray_worker_a,4.58%,1.974GiB / 7.225GiB
1791154736,ray_worker_b,4.22%,1.944GiB / 7.225GiB
1791154738,ray_head,11.61%,679.8MiB / 7.225GiB
1791154738,ray_worker_a,4.85%,1.974GiB / 7.225GiB
1791154738,ray_worker_b,4.36%,1.945GiB / 7.225GiB
1791154740,ray_head,17.55%,693.7MiB / 7.225GiB
1791154740,ray_worker_a,6.85%,1.97GiB / 7.225GiB
1791154740,ray_worker_b,6.06%,1.945GiB / 7.225GiB
1791154742,ray_head,9.55%,701.7MiB / 7.225GiB
1791154742,ray_worker_a,4.18%,1.97GiB / 7.225GiB
1791154742,ray_worker_b,4.66%,1.945GiB / 7.225GiB
1791154744,ray_head,11.65%,703.2MiB / 7.225GiB
1791154744,ray_worker_a,4.05%,1.969GiB / 7.225GiB
1791154744,ray_worker_b,3.74%,1.945GiB / 7.225GiB
1791154746,ray_head,10.51%,708MiB / 7.225GiB
1791154746,ray_worker_a,4.87%,1.969GiB / 7.225GiB
1791154746,ray_worker_b,4.51%,1.948GiB / 7.225GiB
1791154748,ray_head,14.57%,715.4MiB / 7.225GiB
1791154748,ray_worker_a,5.15%,1.97GiB / 7.225GiB
1791154748,ray_worker_b,4.24%,1.949GiB / 7.225GiB
1791154750,ray_head,10.51%,717.3MiB / 7.225GiB
1791154750,ray_worker_a,4.51%,1.97GiB / 7.225GiB
1791154750,ray_worker_b,3.75%,1.949GiB / 7.225GiB
1791154752,ray_head,20.97%,722.5MiB / 7.225GiB
1791154752,ray_worker_a,6.65%,1.97GiB / 7.225GiB
1791154752,ray_worker_b,7.69%,1.948GiB / 7.225GiB
1791154754,ray_head,21.68%,678.1MiB / 7.225GiB
1791154754,ray_worker_a,4.99%,1.964GiB / 7.225GiB
1791154754,ray_worker_b,4.85%,1.945GiB / 7.225GiB
1791154756,ray_head,11.57%,678.5MiB / 7.225GiB
1791154756,ray_worker_a,83.33%,2.299GiB / 7.225GiB
1791154756,ray_worker_b,4.40%,1.941GiB / 7.225GiB
1791154758,ray_head,60.86%,554.3MiB / 7.225GiB
1791154758,ray_worker_a,35.07%,1.93GiB / 7.225GiB
1791154758,ray_worker_b,5.95%,1.949GiB / 7.225GiB
1791154760,ray_head,50.93%,579.2MiB / 7.225GiB
1791154760,ray_worker_a,5.43%,1.923GiB / 7.225GiB
1791154760,ray_worker_b,3.86%,1.94GiB / 7.225GiB
1791154762,ray_head,23.84%,588.9MiB / 7.225GiB
1791154762,ray_worker_a,4.46%,1.92GiB / 7.225GiB
1791154762,ray_worker_b,6.01%,1.94GiB / 7.225GiB
1791154764,ray_head,104.09%,804.7MiB / 7.225GiB
1791154764,ray_worker_a,6.04%,1.916GiB / 7.225GiB
1791154764,ray_worker_b,7.24%,1.936GiB / 7.225GiB
1791154767,ray_head,16.54%,711MiB / 7.225GiB
1791154767,ray_worker_a,4.05%,1.914GiB / 7.225GiB
1791154767,ray_worker_b,4.55%,1.936GiB / 7.225GiB
1791154769,ray_head,12.22%,677.1MiB / 7.225GiB
1791154769,ray_worker_a,4.87%,1.914GiB / 7.225GiB
1791154769,ray_worker_b,4.26%,1.935GiB / 7.225GiB
1791154771,ray_head,11.03%,677.8MiB / 7.225GiB
1791154771,ray_worker_a,5.09%,1.914GiB / 7.225GiB
1791154771,ray_worker_b,4.06%,1.936GiB / 7.225GiB
1791154773,ray_head,20.89%,676.2MiB / 7.225GiB
1791154773,ray_worker_a,5.48%,1.91GiB / 7.225GiB
1791154773,ray_worker_b,5.72%,1.937GiB / 7.225GiB
1791154775,ray_head,26.00%,672.9MiB / 7.225GiB
1791154775,ray_worker_a,4.58%,1.912GiB / 7.225GiB
1791154775,ray_worker_b,5.07%,1.937GiB / 7.225GiB
1791154777,ray_head,17.02%,668.5MiB / 7.225GiB
1791154777,ray_worker_a,3.55%,1.911GiB / 7.225GiB
1791154777,ray_worker_b,5.67%,1.938GiB / 7.225GiB
1791154779,ray_head,13.89%,671.4MiB / 7.225GiB
1791154779,ray_worker_a,4.24%,1.911GiB / 7.225GiB
1791154779,ray_worker_b,5.73%,1.939GiB / 7.225GiB
1791154781,ray_head,9.74%,695.3MiB / 7.225GiB
1791154781,ray_worker_a,3.40%,1.897GiB / 7.225GiB
1791154781,ray_worker_b,3.82%,1.934GiB / 7.225GiB
1791154783,ray_head,15.51%,679.3MiB / 7.225GiB
1791154783,ray_worker_a,36.37%,1.97GiB / 7.225GiB
1791154783,ray_worker_b,4.42%,1.929GiB / 7.225GiB
1791154785,ray_head,16.60%,674.7MiB / 7.225GiB
1791154785,ray_worker_a,68.42%,2.062GiB / 7.225GiB
1791154785,ray_worker_b,6.85%,1.927GiB / 7.225GiB
1791154787,ray_head,78.84%,518.2MiB / 7.225GiB
1791154787,ray_worker_a,15.56%,1.945GiB / 7.225GiB
1791154787,ray_worker_b,74.78%,2GiB / 7.225GiB
1791154790,ray_head,98.64%,576.3MiB / 7.225GiB
1791154790,ray_worker_a,13.71%,1.942GiB / 7.225GiB
1791154790,ray_worker_b,106.32%,2.082GiB / 7.225GiB
1791154792,ray_head,72.26%,632.8MiB / 7.225GiB
1791154792,ray_worker_a,7.32%,1.94GiB / 7.225GiB
1791154792,ray_worker_b,75.53%,2.134GiB / 7.225GiB
1791154794,ray_head,27.61%,675MiB / 7.225GiB
1791154794,ray_worker_a,21.37%,1.943GiB / 7.225GiB
1791154794,ray_worker_b,37.54%,2.247GiB / 7.225GiB
1791154800,ray_head,113.24%,644.7MiB / 7.225GiB
1791154800,ray_worker_a,16.12%,1.944GiB / 7.225GiB
1791154800,ray_worker_b,17.85%,1.933GiB / 7.225GiB
1791154802,ray_head,37.98%,603.6MiB / 7.225GiB
1791154802,ray_worker_a,6.59%,1.943GiB / 7.225GiB
1791154802,ray_worker_b,6.50%,1.931GiB / 7.225GiB
1791154804,ray_head,77.42%,815.2MiB / 7.225GiB
1791154804,ray_worker_a,5.15%,1.943GiB / 7.225GiB
1791154804,ray_worker_b,4.72%,1.932GiB / 7.225GiB
1791154807,ray_head,8.33%,817.4MiB / 7.225GiB
1791154807,ray_worker_a,3.75%,1.943GiB / 7.225GiB
1791154807,ray_worker_b,3.54%,1.932GiB / 7.225GiB
1791154809,ray_head,20.74%,823MiB / 7.225GiB
1791154809,ray_worker_a,5.81%,1.943GiB / 7.225GiB
1791154809,ray_worker_b,6.98%,1.932GiB / 7.225GiB
1791154811,ray_head,11.33%,713.6MiB / 7.225GiB
1791154811,ray_worker_a,5.51%,1.945GiB / 7.225GiB
1791154811,ray_worker_b,4.11%,1.938GiB / 7.225GiB
1791154813,ray_head,9.83%,692.5MiB / 7.225GiB
1791154813,ray_worker_a,4.15%,1.945GiB / 7.225GiB
1791154813,ray_worker_b,3.81%,1.926GiB / 7.225GiB
1791155068,ray_head,2.75%,718.1MiB / 7.225GiB
1791155068,ray_worker_a,1.33%,249.6MiB / 7.225GiB
1791155068,ray_worker_b,0.83%,246.5MiB / 7.225GiB
1791155070,ray_head,6.21%,719.5MiB / 7.225GiB
1791155070,ray_worker_a,0.86%,249.9MiB / 7.225GiB
1791155070,ray_worker_b,0.84%,246.6MiB / 7.225GiB
1791155072,ray_head,3.21%,719.7MiB / 7.225GiB
1791155072,ray_worker_a,0.92%,249.7MiB / 7.225GiB
1791155072,ray_worker_b,0.95%,246.7MiB / 7.225GiB
1791155074,ray_head,4.42%,720.4MiB / 7.225GiB
1791155074,ray_worker_a,0.76%,250.7MiB / 7.225GiB
1791155074,ray_worker_b,2.06%,246.7MiB / 7.225GiB
1791155076,ray_head,104.81%,812.7MiB / 7.225GiB
1791155076,ray_worker_a,0.82%,250.5MiB / 7.225GiB
1791155076,ray_worker_b,0.84%,246.8MiB / 7.225GiB
1791155078,ray_head,130.99%,1013MiB / 7.225GiB
1791155078,ray_worker_a,112.24%,414.4MiB / 7.225GiB
1791155078,ray_worker_b,105.31%,410.8MiB / 7.225GiB
1791155080,ray_head,34.41%,1.047GiB / 7.225GiB
1791155080,ray_worker_a,111.88%,778.6MiB / 7.225GiB
1791155080,ray_worker_b,128.93%,766.9MiB / 7.225GiB
1791155082,ray_head,51.72%,1.052GiB / 7.225GiB
1791155082,ray_worker_a,81.89%,1.521GiB / 7.225GiB
1791155082,ray_worker_b,84.50%,1.582GiB / 7.225GiB
1791155085,ray_head,31.17%,935.4MiB / 7.225GiB
1791155085,ray_worker_a,101.91%,1.889GiB / 7.225GiB
1791155085,ray_worker_b,63.99%,1.563GiB / 7.225GiB
1791155087,ray_head,29.83%,864.7MiB / 7.225GiB
1791155087,ray_worker_a,57.97%,1.896GiB / 7.225GiB
1791155087,ray_worker_b,54.01%,1.629GiB / 7.225GiB
1791155089,ray_head,41.60%,868.3MiB / 7.225GiB
1791155089,ray_worker_a,67.80%,1.271GiB / 7.225GiB
1791155089,ray_worker_b,43.50%,1.201GiB / 7.225GiB
1791155091,ray_head,30.30%,865MiB / 7.225GiB
1791155091,ray_worker_a,60.34%,1.707GiB / 7.225GiB
1791155091,ray_worker_b,67.32%,1.573GiB / 7.225GiB
1791155093,ray_head,27.52%,674.1MiB / 7.225GiB
1791155093,ray_worker_a,54.63%,2.028GiB / 7.225GiB
1791155093,ray_worker_b,63.62%,1.573GiB / 7.225GiB
1791155095,ray_head,26.63%,599MiB / 7.225GiB
1791155095,ray_worker_a,80.39%,1.363GiB / 7.225GiB
1791155095,ray_worker_b,99.05%,1.647GiB / 7.225GiB
1791155098,ray_head,53.48%,641.3MiB / 7.225GiB
1791155098,ray_worker_a,25.95%,1.667GiB / 7.225GiB
1791155098,ray_worker_b,27.41%,1.917GiB / 7.225GiB
1791155100,ray_head,101.26%,695.9MiB / 7.225GiB
1791155100,ray_worker_a,35.27%,1.698GiB / 7.225GiB
1791155100,ray_worker_b,33.86%,1.947GiB / 7.225GiB
1791155102,ray_head,21.71%,713.6MiB / 7.225GiB
1791155102,ray_worker_a,99.54%,1.85GiB / 7.225GiB
1791155102,ray_worker_b,128.68%,2.107GiB / 7.225GiB
1791155104,ray_head,34.26%,714.1MiB / 7.225GiB
1791155104,ray_worker_a,122.29%,2.145GiB / 7.225GiB
1791155104,ray_worker_b,135.94%,2.317GiB / 7.225GiB
1791155106,ray_head,18.46%,692.5MiB / 7.225GiB
1791155106,ray_worker_a,100.03%,2.223GiB / 7.225GiB
1791155106,ray_worker_b,122.67%,2.352GiB / 7.225GiB
1791155108,ray_head,13.81%,640.2MiB / 7.225GiB
1791155108,ray_worker_a,117.08%,2.248GiB / 7.225GiB
1791155108,ray_worker_b,81.09%,2.426GiB / 7.225GiB
1791155110,ray_head,18.03%,538.1MiB / 7.225GiB
1791155110,ray_worker_a,90.21%,2.404GiB / 7.225GiB
1791155110,ray_worker_b,117.58%,2.584GiB / 7.225GiB
1791155113,ray_head,21.53%,431.8MiB / 7.225GiB
1791155113,ray_worker_a,124.63%,2.607GiB / 7.225GiB
1791155113,ray_worker_b,127.38%,2.536GiB / 7.225GiB
1791155115,ray_head,12.52%,411.7MiB / 7.225GiB
1791155115,ray_worker_a,6.81%,2.493GiB / 7.225GiB
1791155115,ray_worker_b,18.32%,2.75GiB / 7.225GiB
1791155117,ray_head,34.23%,378.5MiB / 7.225GiB
1791155117,ray_worker_a,134.34%,2.534GiB / 7.225GiB
1791155117,ray_worker_b,61.07%,2.844GiB / 7.225GiB
1791155119,ray_head,57.00%,455.2MiB / 7.225GiB
1791155119,ray_worker_a,161.59%,2.644GiB / 7.225GiB
1791155119,ray_worker_b,83.47%,2.632GiB / 7.225GiB
1791155121,ray_head,12.64%,433.3MiB / 7.225GiB
1791155121,ray_worker_a,111.80%,2.868GiB / 7.225GiB
1791155121,ray_worker_b,4.56%,2.477GiB / 7.225GiB
1791155123,ray_head,11.95%,441.1MiB / 7.225GiB
1791155123,ray_worker_a,41.28%,2.669GiB / 7.225GiB
1791155123,ray_worker_b,7.58%,2.271GiB / 7.225GiB
1791155125,ray_head,29.89%,457.8MiB / 7.225GiB
1791155125,ray_worker_a,102.09%,2.419GiB / 7.225GiB
1791155125,ray_worker_b,122.49%,2.378GiB / 7.225GiB
1791155127,ray_head,69.85%,457.4MiB / 7.225GiB
1791155127,ray_worker_a,126.45%,2.407GiB / 7.225GiB
1791155127,ray_worker_b,115.67%,2.06GiB / 7.225GiB
1791155129,ray_head,28.74%,449MiB / 7.225GiB
1791155129,ray_worker_a,119.59%,2.586GiB / 7.225GiB
1791155129,ray_worker_b,140.48%,1.91GiB / 7.225GiB
1791155131,ray_head,9.37%,450.6MiB / 7.225GiB
1791155131,ray_worker_a,178.01%,2.192GiB / 7.225GiB
1791155131,ray_worker_b,174.59%,1.917GiB / 7.225GiB
1791155134,ray_head,8.24%,451.5MiB / 7.225GiB
1791155134,ray_worker_a,176.34%,2.193GiB / 7.225GiB
1791155134,ray_worker_b,176.67%,1.932GiB / 7.225GiB
1791155136,ray_head,12.63%,452.8MiB / 7.225GiB
1791155136,ray_worker_a,178.93%,2.209GiB / 7.225GiB
1791155136,ray_worker_b,180.73%,1.946GiB / 7.225GiB
1791155138,ray_head,9.61%,455.2MiB / 7.225GiB
1791155138,ray_worker_a,180.70%,2.227GiB / 7.225GiB
1791155138,ray_worker_b,178.46%,1.962GiB / 7.225GiB
1791155140,ray_head,10.29%,456.5MiB / 7.225GiB
1791155140,ray_worker_a,177.28%,2.244GiB / 7.225GiB
1791155140,ray_worker_b,168.41%,1.985GiB / 7.225GiB
1791155142,ray_head,9.08%,457.6MiB / 7.225GiB
1791155142,ray_worker_a,178.94%,2.282GiB / 7.225GiB
1791155142,ray_worker_b,177.73%,2.082GiB / 7.225GiB
1791155144,ray_head,11.34%,458.1MiB / 7.225GiB
1791155144,ray_worker_a,172.51%,2.338GiB / 7.225GiB
1791155144,ray_worker_b,173.84%,2.162GiB / 7.225GiB
1791155146,ray_head,7.16%,459.5MiB / 7.225GiB
1791155146,ray_worker_a,176.56%,2.411GiB / 7.225GiB
1791155146,ray_worker_b,174.19%,2.159GiB / 7.225GiB
1791155148,ray_head,10.24%,460.6MiB / 7.225GiB
1791155148,ray_worker_a,179.17%,2.424GiB / 7.225GiB
1791155148,ray_worker_b,178.71%,2.173GiB / 7.225GiB
1791155150,ray_head,10.15%,462MiB / 7.225GiB
1791155150,ray_worker_a,177.76%,2.437GiB / 7.225GiB
1791155150,ray_worker_b,179.57%,2.188GiB / 7.225GiB
1791155152,ray_head,8.90%,462.7MiB / 7.225GiB
1791155152,ray_worker_a,181.63%,2.439GiB / 7.225GiB
1791155152,ray_worker_b,171.16%,2.295GiB / 7.225GiB
1791155154,ray_head,13.61%,463.3MiB / 7.225GiB
1791155154,ray_worker_a,154.79%,2.412GiB / 7.225GiB
1791155154,ray_worker_b,158.64%,2.131GiB / 7.225GiB
1791155156,ray_head,18.40%,466.9MiB / 7.225GiB
1791155156,ray_worker_a,139.55%,2.354GiB / 7.225GiB
1791155156,ray_worker_b,146.11%,2.107GiB / 7.225GiB
1791155158,ray_head,31.23%,469.1MiB / 7.225GiB
1791155158,ray_worker_a,141.50%,2.157GiB / 7.225GiB
1791155158,ray_worker_b,121.66%,2.166GiB / 7.225GiB
1791155160,ray_head,23.67%,469.7MiB / 7.225GiB
1791155160,ray_worker_a,172.43%,2.304GiB / 7.225GiB
1791155160,ray_worker_b,140.10%,2.049GiB / 7.225GiB
1791155163,ray_head,9.53%,471.9MiB / 7.225GiB
1791155163,ray_worker_a,154.42%,2.272GiB / 7.225GiB
1791155163,ray_worker_b,131.47%,2.144GiB / 7.225GiB
1791155164,ray_head,11.06%,472.8MiB / 7.225GiB
1791155164,ray_worker_a,90.56%,2.236GiB / 7.225GiB
1791155164,ray_worker_b,162.77%,1.966GiB / 7.225GiB
1791155166,ray_head,7.65%,473.8MiB / 7.225GiB
1791155166,ray_worker_a,92.74%,2.247GiB / 7.225GiB
1791155166,ray_worker_b,180.70%,1.979GiB / 7.225GiB
1791155168,ray_head,8.20%,476.7MiB / 7.225GiB
1791155168,ray_worker_a,96.53%,2.259GiB / 7.225GiB
1791155168,ray_worker_b,188.18%,1.998GiB / 7.225GiB
1791155171,ray_head,8.07%,477.6MiB / 7.225GiB
1791155171,ray_worker_a,96.70%,2.269GiB / 7.225GiB
1791155171,ray_worker_b,187.93%,2.01GiB / 7.225GiB
1791155173,ray_head,7.01%,478MiB / 7.225GiB
1791155173,ray_worker_a,93.69%,2.662GiB / 7.225GiB
1791155173,ray_worker_b,186.88%,2.121GiB / 7.225GiB
1791155175,ray_head,8.84%,478.4MiB / 7.225GiB
1791155175,ray_worker_a,91.41%,2.496GiB / 7.225GiB
1791155175,ray_worker_b,188.45%,2.074GiB / 7.225GiB
1791155177,ray_head,11.81%,479.3MiB / 7.225GiB
1791155177,ray_worker_a,94.07%,2.504GiB / 7.225GiB
1791155177,ray_worker_b,185.05%,2.174GiB / 7.225GiB
1791155179,ray_head,5.21%,479.6MiB / 7.225GiB
1791155179,ray_worker_a,94.87%,2.513GiB / 7.225GiB
1791155179,ray_worker_b,186.77%,2.19GiB / 7.225GiB
1791155181,ray_head,5.92%,480.4MiB / 7.225GiB
1791155181,ray_worker_a,95.46%,2.521GiB / 7.225GiB
1791155181,ray_worker_b,187.32%,2.201GiB / 7.225GiB
1791155183,ray_head,5.83%,480.9MiB / 7.225GiB
1791155183,ray_worker_a,96.61%,2.52GiB / 7.225GiB
1791155183,ray_worker_b,125.22%,2.187GiB / 7.225GiB
1791155185,ray_head,9.37%,481.4MiB / 7.225GiB
1791155185,ray_worker_a,96.96%,2.583GiB / 7.225GiB
1791155185,ray_worker_b,97.95%,2.182GiB / 7.225GiB
1791155187,ray_head,9.49%,480.2MiB / 7.225GiB
1791155187,ray_worker_a,100.79%,2.576GiB / 7.225GiB
1791155187,ray_worker_b,32.66%,2.158GiB / 7.225GiB
1791155189,ray_head,6.10%,480.8MiB / 7.225GiB
1791155189,ray_worker_a,98.74%,2.586GiB / 7.225GiB
1791155189,ray_worker_b,3.20%,2.159GiB / 7.225GiB
1791155191,ray_head,6.79%,481.5MiB / 7.225GiB
1791155191,ray_worker_a,99.32%,2.596GiB / 7.225GiB
1791155191,ray_worker_b,2.65%,2.159GiB / 7.225GiB
1791155193,ray_head,7.08%,481.8MiB / 7.225GiB
1791155193,ray_worker_a,98.95%,2.625GiB / 7.225GiB
1791155193,ray_worker_b,3.70%,2.16GiB / 7.225GiB
1791155195,ray_head,9.85%,482.2MiB / 7.225GiB
1791155195,ray_worker_a,98.64%,2.633GiB / 7.225GiB
1791155195,ray_worker_b,3.56%,2.162GiB / 7.225GiB
1791155197,ray_head,7.41%,482.9MiB / 7.225GiB
1791155197,ray_worker_a,98.38%,2.643GiB / 7.225GiB
1791155197,ray_worker_b,2.56%,2.159GiB / 7.225GiB
1791155199,ray_head,8.20%,461.8MiB / 7.225GiB
1791155199,ray_worker_a,100.05%,2.649GiB / 7.225GiB
1791155199,ray_worker_b,3.72%,2.199GiB / 7.225GiB
1791155201,ray_head,42.43%,516.2MiB / 7.225GiB
1791155201,ray_worker_a,33.50%,2.567GiB / 7.225GiB
1791155201,ray_worker_b,29.74%,1.933GiB / 7.225GiB
1791155203,ray_head,14.38%,518.1MiB / 7.225GiB
1791155203,ray_worker_a,76.12%,2.079GiB / 7.225GiB
1791155203,ray_worker_b,61.59%,1.869GiB / 7.225GiB
1791155205,ray_head,17.08%,505.4MiB / 7.225GiB
1791155205,ray_worker_a,29.98%,2.035GiB / 7.225GiB
1791155205,ray_worker_b,131.51%,2.188GiB / 7.225GiB
1791155207,ray_head,18.15%,475.1MiB / 7.225GiB
1791155207,ray_worker_a,128.50%,2.62GiB / 7.225GiB
1791155207,ray_worker_b,134.74%,2.41GiB / 7.225GiB
1791155209,ray_head,25.28%,465.5MiB / 7.225GiB
1791155209,ray_worker_a,143.44%,2.424GiB / 7.225GiB
1791155209,ray_worker_b,154.08%,2.422GiB / 7.225GiB
1791155211,ray_head,18.52%,378.3MiB / 7.225GiB
1791155211,ray_worker_a,86.37%,2.448GiB / 7.225GiB
1791155211,ray_worker_b,146.05%,2.629GiB / 7.225GiB
1791155214,ray_head,11.03%,331.1MiB / 7.225GiB
1791155214,ray_worker_a,99.38%,2.412GiB / 7.225GiB
1791155214,ray_worker_b,96.28%,2.549GiB / 7.225GiB
1791155216,ray_head,32.87%,336.1MiB / 7.225GiB
1791155216,ray_worker_a,23.97%,2.414GiB / 7.225GiB
1791155216,ray_worker_b,100.89%,2.555GiB / 7.225GiB
1791155218,ray_head,93.87%,384MiB / 7.225GiB
1791155218,ray_worker_a,36.30%,2.417GiB / 7.225GiB
1791155218,ray_worker_b,19.56%,2.549GiB / 7.225GiB
1791155220,ray_head,53.43%,386.4MiB / 7.225GiB
1791155220,ray_worker_a,157.66%,2.259GiB / 7.225GiB
1791155220,ray_worker_b,127.30%,1.739GiB / 7.225GiB
1791155222,ray_head,25.95%,404.7MiB / 7.225GiB
1791155222,ray_worker_a,136.34%,2.229GiB / 7.225GiB
1791155222,ray_worker_b,153.40%,2.297GiB / 7.225GiB
1791155224,ray_head,94.85%,408MiB / 7.225GiB
1791155224,ray_worker_a,138.90%,2.232GiB / 7.225GiB
1791155224,ray_worker_b,46.11%,2.331GiB / 7.225GiB
1791155227,ray_head,13.65%,410.7MiB / 7.225GiB
1791155227,ray_worker_a,6.46%,1.86GiB / 7.225GiB
1791155227,ray_worker_b,104.42%,2.584GiB / 7.225GiB
1791155229,ray_head,18.49%,414.6MiB / 7.225GiB
1791155229,ray_worker_a,9.29%,1.864GiB / 7.225GiB
1791155229,ray_worker_b,26.54%,2.818GiB / 7.225GiB
1791155231,ray_head,14.43%,417.8MiB / 7.225GiB
1791155231,ray_worker_a,9.26%,1.871GiB / 7.225GiB
1791155231,ray_worker_b,28.93%,2.729GiB / 7.225GiB
1791155233,ray_head,15.53%,420.3MiB / 7.225GiB
1791155233,ray_worker_a,9.29%,1.876GiB / 7.225GiB
1791155233,ray_worker_b,26.26%,2.782GiB / 7.225GiB
1791155235,ray_head,13.09%,423.2MiB / 7.225GiB
1791155235,ray_worker_a,7.08%,1.88GiB / 7.225GiB
1791155235,ray_worker_b,27.45%,2.684GiB / 7.225GiB
1791155237,ray_head,14.33%,425.6MiB / 7.225GiB
1791155237,ray_worker_a,8.36%,1.882GiB / 7.225GiB
1791155237,ray_worker_b,36.31%,2.751GiB / 7.225GiB
1791155239,ray_head,35.12%,446.2MiB / 7.225GiB
1791155239,ray_worker_a,100.83%,1.917GiB / 7.225GiB
1791155239,ray_worker_b,95.40%,2.649GiB / 7.225GiB
1791155241,ray_head,79.33%,491.5MiB / 7.225GiB
1791155241,ray_worker_a,109.90%,2.004GiB / 7.225GiB
1791155241,ray_worker_b,124.82%,2.725GiB / 7.225GiB
1791155243,ray_head,46.53%,484.2MiB / 7.225GiB
1791155243,ray_worker_a,71.42%,2.145GiB / 7.225GiB
1791155243,ray_worker_b,38.10%,2.754GiB / 7.225GiB
1791155245,ray_head,22.49%,486.4MiB / 7.225GiB
1791155245,ray_worker_a,28.62%,2.32GiB / 7.225GiB
1791155245,ray_worker_b,102.98%,2.744GiB / 7.225GiB
1791155247,ray_head,17.99%,489.8MiB / 7.225GiB
1791155247,ray_worker_a,26.54%,2.318GiB / 7.225GiB
1791155247,ray_worker_b,59.94%,2.711GiB / 7.225GiB
1791155249,ray_head,51.69%,479.7MiB / 7.225GiB
1791155249,ray_worker_a,81.40%,2.039GiB / 7.225GiB
1791155249,ray_worker_b,42.24%,2.716GiB / 7.225GiB
1791155251,ray_head,12.80%,501.7MiB / 7.225GiB
1791155251,ray_worker_a,175.77%,2.083GiB / 7.225GiB
1791155251,ray_worker_b,64.20%,2.661GiB / 7.225GiB
1791155253,ray_head,10.71%,515.6MiB / 7.225GiB
1791155253,ray_worker_a,164.91%,2.071GiB / 7.225GiB
1791155253,ray_worker_b,172.62%,2.655GiB / 7.225GiB
1791155256,ray_head,11.57%,484MiB / 7.225GiB
1791155256,ray_worker_a,190.52%,2.252GiB / 7.225GiB
1791155256,ray_worker_b,126.71%,2.742GiB / 7.225GiB
1791155257,ray_head,7.40%,490.4MiB / 7.225GiB
1791155257,ray_worker_a,179.70%,2.1GiB / 7.225GiB
1791155257,ray_worker_b,157.87%,2.819GiB / 7.225GiB
1791155259,ray_head,7.17%,490.2MiB / 7.225GiB
1791155259,ray_worker_a,179.00%,2.1GiB / 7.225GiB
1791155259,ray_worker_b,175.92%,2.819GiB / 7.225GiB
1791155262,ray_head,6.52%,491.7MiB / 7.225GiB
1791155262,ray_worker_a,139.97%,2.169GiB / 7.225GiB
1791155262,ray_worker_b,152.47%,2.879GiB / 7.225GiB
1791155264,ray_head,7.12%,500.2MiB / 7.225GiB
1791155264,ray_worker_a,105.71%,2.3GiB / 7.225GiB
1791155264,ray_worker_b,173.95%,2.863GiB / 7.225GiB
1791155266,ray_head,5.88%,500.9MiB / 7.225GiB
1791155266,ray_worker_a,179.54%,2.3GiB / 7.225GiB
1791155266,ray_worker_b,180.98%,2.863GiB / 7.225GiB
1791155268,ray_head,5.89%,504MiB / 7.225GiB
1791155268,ray_worker_a,181.13%,2.292GiB / 7.225GiB
1791155268,ray_worker_b,176.98%,2.885GiB / 7.225GiB
1791155270,ray_head,7.59%,506.8MiB / 7.225GiB
1791155270,ray_worker_a,177.41%,2.292GiB / 7.225GiB
1791155270,ray_worker_b,166.75%,2.894GiB / 7.225GiB
1791155272,ray_head,6.58%,517.8MiB / 7.225GiB
1791155272,ray_worker_a,171.41%,2.263GiB / 7.225GiB
1791155272,ray_worker_b,140.16%,2.867GiB / 7.225GiB
1791155274,ray_head,5.29%,523.4MiB / 7.225GiB
1791155274,ray_worker_a,153.85%,2.268GiB / 7.225GiB
1791155274,ray_worker_b,171.13%,2.952GiB / 7.225GiB
1791155276,ray_head,7.07%,528.4MiB / 7.225GiB
1791155276,ray_worker_a,180.88%,2.276GiB / 7.225GiB
1791155276,ray_worker_b,170.11%,2.888GiB / 7.225GiB
1791155278,ray_head,6.17%,533.9MiB / 7.225GiB
1791155278,ray_worker_a,181.54%,2.264GiB / 7.225GiB
1791155278,ray_worker_b,178.18%,2.885GiB / 7.225GiB
1791155280,ray_head,6.25%,534.1MiB / 7.225GiB
1791155280,ray_worker_a,180.90%,2.266GiB / 7.225GiB
1791155280,ray_worker_b,175.72%,2.858GiB / 7.225GiB
1791155282,ray_head,5.92%,534.8MiB / 7.225GiB
1791155282,ray_worker_a,154.30%,2.276GiB / 7.225GiB
1791155282,ray_worker_b,168.71%,2.859GiB / 7.225GiB
1791155284,ray_head,3.55%,535.1MiB / 7.225GiB
1791155284,ray_worker_a,181.69%,2.242GiB / 7.225GiB
1791155284,ray_worker_b,182.54%,2.842GiB / 7.225GiB
1791155286,ray_head,7.43%,533.9MiB / 7.225GiB
1791155286,ray_worker_a,177.50%,2.271GiB / 7.225GiB
1791155286,ray_worker_b,173.41%,2.857GiB / 7.225GiB
1791155288,ray_head,6.88%,536.1MiB / 7.225GiB
1791155288,ray_worker_a,178.96%,2.271GiB / 7.225GiB
1791155288,ray_worker_b,180.97%,2.846GiB / 7.225GiB
1791155290,ray_head,10.52%,522.5MiB / 7.225GiB
1791155290,ray_worker_a,156.38%,2.333GiB / 7.225GiB
1791155290,ray_worker_b,121.49%,2.876GiB / 7.225GiB
1791155292,ray_head,7.85%,471MiB / 7.225GiB
1791155292,ray_worker_a,139.76%,2.254GiB / 7.225GiB
1791155292,ray_worker_b,170.04%,2.653GiB / 7.225GiB
1791155294,ray_head,3.57%,474MiB / 7.225GiB
1791155294,ray_worker_a,182.19%,2.254GiB / 7.225GiB
1791155294,ray_worker_b,182.21%,2.651GiB / 7.225GiB
1791155296,ray_head,6.67%,474.7MiB / 7.225GiB
1791155296,ray_worker_a,181.25%,2.255GiB / 7.225GiB
1791155296,ray_worker_b,177.31%,2.678GiB / 7.225GiB
1791155298,ray_head,6.55%,476.1MiB / 7.225GiB
1791155298,ray_worker_a,97.70%,2.256GiB / 7.225GiB
1791155298,ray_worker_b,97.35%,2.678GiB / 7.225GiB
1791155300,ray_head,21.94%,518.2MiB / 7.225GiB
1791155300,ray_worker_a,85.52%,2.247GiB / 7.225GiB
1791155300,ray_worker_b,5.98%,2.66GiB / 7.225GiB
1791155302,ray_head,22.27%,462.5MiB / 7.225GiB
1791155302,ray_worker_a,38.67%,2.095GiB / 7.225GiB
1791155302,ray_worker_b,177.70%,2.454GiB / 7.225GiB
1791155304,ray_head,21.88%,475.6MiB / 7.225GiB
1791155304,ray_worker_a,76.93%,2.101GiB / 7.225GiB
1791155304,ray_worker_b,126.56%,2.485GiB / 7.225GiB
1791155306,ray_head,31.94%,481.1MiB / 7.225GiB
1791155306,ray_worker_a,36.55%,2.06GiB / 7.225GiB
1791155306,ray_worker_b,23.37%,2.415GiB / 7.225GiB
1791155308,ray_head,16.24%,403.7MiB / 7.225GiB
1791155308,ray_worker_a,4.38%,1.723GiB / 7.225GiB
1791155308,ray_worker_b,4.47%,2.025GiB / 7.225GiB
1791155310,ray_head,10.48%,404.8MiB / 7.225GiB
1791155310,ray_worker_a,2.83%,1.723GiB / 7.225GiB
1791155310,ray_worker_b,2.18%,2.025GiB / 7.225GiB
1791155312,ray_head,3.83%,405.6MiB / 7.225GiB
1791155312,ray_worker_a,4.55%,1.699GiB / 7.225GiB
1791155312,ray_worker_b,1.93%,2.025GiB / 7.225GiB
1791155314,ray_head,3.43%,405.8MiB / 7.225GiB
1791155314,ray_worker_a,2.22%,1.7GiB / 7.225GiB
1791155314,ray_worker_b,2.79%,2.002GiB / 7.225GiB
1791155316,ray_head,4.42%,406.1MiB / 7.225GiB
1791155316,ray_worker_a,3.29%,1.7GiB / 7.225GiB
1791155316,ray_worker_b,2.26%,2.002GiB / 7.225GiB
1791155318,ray_head,5.61%,406.9MiB / 7.225GiB
1791155318,ray_worker_a,2.66%,1.7GiB / 7.225GiB
1791155318,ray_worker_b,2.72%,2.002GiB / 7.225GiB
1791155320,ray_head,6.46%,406.4MiB / 7.225GiB
1791155320,ray_worker_a,2.72%,1.7GiB / 7.225GiB
1791155320,ray_worker_b,3.07%,2.002GiB / 7.225GiB
1791155322,ray_head,7.42%,406.8MiB / 7.225GiB
1791155322,ray_worker_a,7.38%,1.66GiB / 7.225GiB
1791155322,ray_worker_b,4.51%,2.002GiB / 7.225GiB
1791155324,ray_head,5.16%,407.7MiB / 7.225GiB
1791155324,ray_worker_a,3.71%,1.66GiB / 7.225GiB
1791155324,ray_worker_b,3.54%,1.969GiB / 7.225GiB
1791155326,ray_head,3.82%,408MiB / 7.225GiB
1791155326,ray_worker_a,3.18%,1.661GiB / 7.225GiB
1791155326,ray_worker_b,2.11%,1.97GiB / 7.225GiB
1791155328,ray_head,4.80%,408.5MiB / 7.225GiB
1791155328,ray_worker_a,2.69%,1.661GiB / 7.225GiB
1791155328,ray_worker_b,2.59%,1.97GiB / 7.225GiB
1791155330,ray_head,6.79%,408.8MiB / 7.225GiB
1791155330,ray_worker_a,3.03%,1.662GiB / 7.225GiB
1791155330,ray_worker_b,3.41%,1.971GiB / 7.225GiB
1791155332,ray_head,33.81%,409.3MiB / 7.225GiB
1791155332,ray_worker_a,13.39%,1.662GiB / 7.225GiB
1791155332,ray_worker_b,7.00%,1.97GiB / 7.225GiB
1791155335,ray_head,7.06%,409.8MiB / 7.225GiB
1791155335,ray_worker_a,6.21%,1.662GiB / 7.225GiB
1791155335,ray_worker_b,5.19%,1.971GiB / 7.225GiB
1791155337,ray_head,6.15%,410.8MiB / 7.225GiB
1791155337,ray_worker_a,5.05%,1.663GiB / 7.225GiB
1791155337,ray_worker_b,2.73%,1.971GiB / 7.225GiB
1791155339,ray_head,9.81%,408.1MiB / 7.225GiB
1791155339,ray_worker_a,4.89%,1.623GiB / 7.225GiB
1791155339,ray_worker_b,5.09%,1.925GiB / 7.225GiB
1791155341,ray_head,6.63%,399.7MiB / 7.225GiB
1791155341,ray_worker_a,2.80%,1.616GiB / 7.225GiB
1791155341,ray_worker_b,3.04%,1.925GiB / 7.225GiB
1791155343,ray_head,6.97%,399.9MiB / 7.225GiB
1791155343,ray_worker_a,4.49%,1.615GiB / 7.225GiB
1791155343,ray_worker_b,3.25%,1.925GiB / 7.225GiB
1791155345,ray_head,4.15%,400MiB / 7.225GiB
1791155345,ray_worker_a,3.09%,1.607GiB / 7.225GiB
1791155345,ray_worker_b,3.19%,1.925GiB / 7.225GiB
1791155347,ray_head,51.51%,448.3MiB / 7.225GiB
1791155347,ray_worker_a,6.46%,1.581GiB / 7.225GiB
1791155347,ray_worker_b,4.49%,1.922GiB / 7.225GiB
1791155349,ray_head,7.45%,476.3MiB / 7.225GiB
1791155349,ray_worker_a,3.11%,1.567GiB / 7.225GiB
1791155349,ray_worker_b,3.18%,1.888GiB / 7.225GiB
1791155351,ray_head,8.75%,478.3MiB / 7.225GiB
1791155351,ray_worker_a,3.30%,1.567GiB / 7.225GiB
1791155351,ray_worker_b,3.56%,1.889GiB / 7.225GiB
1791155353,ray_head,8.92%,478.8MiB / 7.225GiB
1791155353,ray_worker_a,6.04%,1.568GiB / 7.225GiB
1791155353,ray_worker_b,5.24%,1.889GiB / 7.225GiB
1791155355,ray_head,3.64%,479.6MiB / 7.225GiB
1791155355,ray_worker_a,2.67%,1.568GiB / 7.225GiB
1791155355,ray_worker_b,2.60%,1.889GiB / 7.225GiB
1791155357,ray_head,4.20%,480.1MiB / 7.225GiB
1791155357,ray_worker_a,3.45%,1.568GiB / 7.225GiB
1791155357,ray_worker_b,2.09%,1.889GiB / 7.225GiB
1791155359,ray_head,3.66%,480.7MiB / 7.225GiB
1791155359,ray_worker_a,2.56%,1.568GiB / 7.225GiB
1791155359,ray_worker_b,2.44%,1.889GiB / 7.225GiB
1791155361,ray_head,6.07%,481.2MiB / 7.225GiB
1791155361,ray_worker_a,2.35%,1.568GiB / 7.225GiB
1791155361,ray_worker_b,2.59%,1.889GiB / 7.225GiB
1791155363,ray_head,7.22%,481.9MiB / 7.225GiB
1791155363,ray_worker_a,4.04%,1.568GiB / 7.225GiB
1791155363,ray_worker_b,3.67%,1.889GiB / 7.225GiB
1791155365,ray_head,4.57%,482.5MiB / 7.225GiB
1791155365,ray_worker_a,3.46%,1.568GiB / 7.225GiB
1791155365,ray_worker_b,2.81%,1.889GiB / 7.225GiB
1791155367,ray_head,4.51%,482.7MiB / 7.225GiB
1791155367,ray_worker_a,3.79%,1.567GiB / 7.225GiB
1791155367,ray_worker_b,2.24%,1.876GiB / 7.225GiB
1791155369,ray_head,4.33%,482.8MiB / 7.225GiB
1791155369,ray_worker_a,2.65%,1.562GiB / 7.225GiB
1791155369,ray_worker_b,2.86%,1.86GiB / 7.225GiB
1791155371,ray_head,9.05%,484.5MiB / 7.225GiB
1791155371,ray_worker_a,3.49%,1.562GiB / 7.225GiB
1791155371,ray_worker_b,4.07%,1.86GiB / 7.225GiB
1791155373,ray_head,7.66%,484.8MiB / 7.225GiB
1791155373,ray_worker_a,4.27%,1.559GiB / 7.225GiB
1791155373,ray_worker_b,4.26%,1.849GiB / 7.225GiB
1791155375,ray_head,4.27%,485.3MiB / 7.225GiB
1791155375,ray_worker_a,3.10%,1.56GiB / 7.225GiB
1791155375,ray_worker_b,2.90%,1.848GiB / 7.225GiB
1791155377,ray_head,5.07%,485.7MiB / 7.225GiB
1791155377,ray_worker_a,4.12%,1.56GiB / 7.225GiB
1791155377,ray_worker_b,2.26%,1.849GiB / 7.225GiB
1791155379,ray_head,5.01%,486.1MiB / 7.225GiB
1791155379,ray_worker_a,4.02%,1.56GiB / 7.225GiB
1791155379,ray_worker_b,3.02%,1.849GiB / 7.225GiB
1791155381,ray_head,6.58%,486MiB / 7.225GiB
1791155381,ray_worker_a,2.53%,1.56GiB / 7.225GiB
1791155381,ray_worker_b,3.13%,1.849GiB / 7.225GiB
1791155383,ray_head,30.30%,513.5MiB / 7.225GiB
1791155383,ray_worker_a,7.01%,1.56GiB / 7.225GiB
1791155383,ray_worker_b,6.89%,1.837GiB / 7.225GiB
1791155385,ray_head,23.83%,562.7MiB / 7.225GiB
1791155385,ray_worker_a,3.89%,1.552GiB / 7.225GiB
1791155385,ray_worker_b,3.91%,1.807GiB / 7.225GiB
1791155387,ray_head,4.59%,563MiB / 7.225GiB
1791155387,ray_worker_a,3.36%,1.552GiB / 7.225GiB
1791155387,ray_worker_b,2.23%,1.808GiB / 7.225GiB
1791155389,ray_head,3.99%,563.6MiB / 7.225GiB
1791155389,ray_worker_a,2.56%,1.552GiB / 7.225GiB
1791155389,ray_worker_b,2.25%,1.808GiB / 7.225GiB
1791155391,ray_head,14.69%,559.9MiB / 7.225GiB
1791155391,ray_worker_a,5.48%,1.54GiB / 7.225GiB
1791155391,ray_worker_b,6.38%,1.807GiB / 7.225GiB
1791155393,ray_head,6.38%,560MiB / 7.225GiB
1791155393,ray_worker_a,2.94%,1.54GiB / 7.225GiB
1791155393,ray_worker_b,4.12%,1.807GiB / 7.225GiB
1791155395,ray_head,4.61%,560.4MiB / 7.225GiB
1791155395,ray_worker_a,3.06%,1.54GiB / 7.225GiB
1791155395,ray_worker_b,3.29%,1.806GiB / 7.225GiB
1791155397,ray_head,6.59%,559.8MiB / 7.225GiB
1791155397,ray_worker_a,4.34%,1.54GiB / 7.225GiB
1791155397,ray_worker_b,2.82%,1.807GiB / 7.225GiB
1791155399,ray_head,4.69%,560.1MiB / 7.225GiB
1791155399,ray_worker_a,2.89%,1.531GiB / 7.225GiB
1791155399,ray_worker_b,2.19%,1.806GiB / 7.225GiB
1791155401,ray_head,8.33%,560MiB / 7.225GiB
1791155401,ray_worker_a,3.39%,1.53GiB / 7.225GiB
1791155401,ray_worker_b,3.78%,1.806GiB / 7.225GiB
1791155403,ray_head,11.04%,560.7MiB / 7.225GiB
1791155403,ray_worker_a,2.36%,1.531GiB / 7.225GiB
1791155403,ray_worker_b,3.24%,1.806GiB / 7.225GiB
1791155405,ray_head,3.84%,561.1MiB / 7.225GiB
1791155405,ray_worker_a,2.60%,1.53GiB / 7.225GiB
1791155405,ray_worker_b,2.90%,1.806GiB / 7.225GiB
1791155407,ray_head,12.37%,561.8MiB / 7.225GiB
1791155407,ray_worker_a,3.80%,1.53GiB / 7.225GiB
1791155407,ray_worker_b,2.86%,1.785GiB / 7.225GiB
1791155409,ray_head,4.17%,562MiB / 7.225GiB
1791155409,ray_worker_a,2.65%,1.523GiB / 7.225GiB
1791155409,ray_worker_b,2.16%,1.785GiB / 7.225GiB
1791155411,ray_head,15.04%,562MiB / 7.225GiB
1791155411,ray_worker_a,3.92%,1.524GiB / 7.225GiB
1791155411,ray_worker_b,4.14%,1.785GiB / 7.225GiB
1791155413,ray_head,5.59%,562.3MiB / 7.225GiB
1791155413,ray_worker_a,2.85%,1.524GiB / 7.225GiB
1791155413,ray_worker_b,4.05%,1.786GiB / 7.225GiB
1791155415,ray_head,10.17%,563.3MiB / 7.225GiB
1791155415,ray_worker_a,2.39%,1.524GiB / 7.225GiB
1791155415,ray_worker_b,2.51%,1.786GiB / 7.225GiB
1791155417,ray_head,4.31%,563.1MiB / 7.225GiB
1791155417,ray_worker_a,3.00%,1.524GiB / 7.225GiB
1791155417,ray_worker_b,2.23%,1.785GiB / 7.225GiB
1791155419,ray_head,13.49%,563.9MiB / 7.225GiB
1791155419,ray_worker_a,2.70%,1.524GiB / 7.225GiB
1791155419,ray_worker_b,2.13%,1.786GiB / 7.225GiB
1791155421,ray_head,6.68%,563.5MiB / 7.225GiB
1791155421,ray_worker_a,3.60%,1.524GiB / 7.225GiB
1791155421,ray_worker_b,3.62%,1.785GiB / 7.225GiB
1791155423,ray_head,12.15%,564.2MiB / 7.225GiB
1791155423,ray_worker_a,2.24%,1.524GiB / 7.225GiB
1791155423,ray_worker_b,3.44%,1.785GiB / 7.225GiB
1791155425,ray_head,4.48%,564.4MiB / 7.225GiB
1791155425,ray_worker_a,2.47%,1.524GiB / 7.225GiB
1791155425,ray_worker_b,2.83%,1.785GiB / 7.225GiB
1791155427,ray_head,12.44%,565.1MiB / 7.225GiB
1791155427,ray_worker_a,4.07%,1.524GiB / 7.225GiB
1791155427,ray_worker_b,3.27%,1.785GiB / 7.225GiB
1791155429,ray_head,5.77%,565.7MiB / 7.225GiB
1791155429,ray_worker_a,2.64%,1.524GiB / 7.225GiB
1791155429,ray_worker_b,2.11%,1.785GiB / 7.225GiB
1791155431,ray_head,11.33%,566.1MiB / 7.225GiB
1791155431,ray_worker_a,2.89%,1.524GiB / 7.225GiB
1791155431,ray_worker_b,2.68%,1.785GiB / 7.225GiB
1791155433,ray_head,5.26%,566.2MiB / 7.225GiB
1791155433,ray_worker_a,2.25%,1.524GiB / 7.225GiB
1791155433,ray_worker_b,3.53%,1.785GiB / 7.225GiB
1791155435,ray_head,18.77%,566.8MiB / 7.225GiB
1791155435,ray_worker_a,6.07%,1.524GiB / 7.225GiB
1791155435,ray_worker_b,6.27%,1.785GiB / 7.225GiB
1791155437,ray_head,5.13%,567.1MiB / 7.225GiB
1791155437,ray_worker_a,2.95%,1.524GiB / 7.225GiB
1791155437,ray_worker_b,2.40%,1.785GiB / 7.225GiB
1791155439,ray_head,12.94%,566.8MiB / 7.225GiB
1791155439,ray_worker_a,3.02%,1.524GiB / 7.225GiB
1791155439,ray_worker_b,2.52%,1.785GiB / 7.225GiB
1791155441,ray_head,7.96%,567.1MiB / 7.225GiB
1791155441,ray_worker_a,3.35%,1.524GiB / 7.225GiB
1791155441,ray_worker_b,3.49%,1.785GiB / 7.225GiB
1791155443,ray_head,11.55%,567.3MiB / 7.225GiB
1791155443,ray_worker_a,2.52%,1.524GiB / 7.225GiB
1791155443,ray_worker_b,3.96%,1.785GiB / 7.225GiB
1791155446,ray_head,7.22%,567.8MiB / 7.225GiB
1791155446,ray_worker_a,3.38%,1.524GiB / 7.225GiB
1791155446,ray_worker_b,3.78%,1.785GiB / 7.225GiB
1791155448,ray_head,21.82%,567.4MiB / 7.225GiB
1791155448,ray_worker_a,3.61%,1.524GiB / 7.225GiB
1791155448,ray_worker_b,3.04%,1.785GiB / 7.225GiB
1791155450,ray_head,6.45%,567.1MiB / 7.225GiB
1791155450,ray_worker_a,2.85%,1.524GiB / 7.225GiB
1791155450,ray_worker_b,2.20%,1.785GiB / 7.225GiB
1791155452,ray_head,13.32%,567.9MiB / 7.225GiB
1791155452,ray_worker_a,3.60%,1.524GiB / 7.225GiB
1791155452,ray_worker_b,3.25%,1.785GiB / 7.225GiB
1791155454,ray_head,9.25%,567.8MiB / 7.225GiB
1791155454,ray_worker_a,4.13%,1.524GiB / 7.225GiB
1791155454,ray_worker_b,5.52%,1.785GiB / 7.225GiB
1791155456,ray_head,10.12%,567.9MiB / 7.225GiB
1791155456,ray_worker_a,2.16%,1.524GiB / 7.225GiB
1791155456,ray_worker_b,2.07%,1.785GiB / 7.225GiB
1791155458,ray_head,5.78%,567.8MiB / 7.225GiB
1791155458,ray_worker_a,3.83%,1.524GiB / 7.225GiB
1791155458,ray_worker_b,3.22%,1.784GiB / 7.225GiB
1791155460,ray_head,13.06%,569.1MiB / 7.225GiB
1791155460,ray_worker_a,3.04%,1.524GiB / 7.225GiB
1791155460,ray_worker_b,2.49%,1.785GiB / 7.225GiB
1791155462,ray_head,5.75%,569.5MiB / 7.225GiB
1791155462,ray_worker_a,4.21%,1.525GiB / 7.225GiB
1791155462,ray_worker_b,2.64%,1.785GiB / 7.225GiB
1791155464,ray_head,14.09%,570MiB / 7.225GiB
1791155464,ray_worker_a,3.43%,1.525GiB / 7.225GiB
1791155464,ray_worker_b,5.38%,1.769GiB / 7.225GiB
1791155466,ray_head,7.40%,569.6MiB / 7.225GiB
1791155466,ray_worker_a,2.59%,1.525GiB / 7.225GiB
1791155466,ray_worker_b,3.37%,1.77GiB / 7.225GiB
1791155468,ray_head,17.72%,569.8MiB / 7.225GiB
1791155468,ray_worker_a,5.50%,1.524GiB / 7.225GiB
1791155468,ray_worker_b,4.34%,1.769GiB / 7.225GiB
1791155470,ray_head,10.11%,569.5MiB / 7.225GiB
1791155470,ray_worker_a,3.48%,1.525GiB / 7.225GiB
1791155470,ray_worker_b,2.64%,1.769GiB / 7.225GiB
1791155472,ray_head,12.41%,569.5MiB / 7.225GiB
1791155472,ray_worker_a,4.50%,1.525GiB / 7.225GiB
1791155472,ray_worker_b,2.68%,1.769GiB / 7.225GiB
1791155474,ray_head,7.09%,569.7MiB / 7.225GiB
1791155474,ray_worker_a,2.90%,1.525GiB / 7.225GiB
1791155474,ray_worker_b,4.75%,1.77GiB / 7.225GiB
1791155476,ray_head,19.06%,570.7MiB / 7.225GiB
1791155476,ray_worker_a,2.93%,1.525GiB / 7.225GiB
1791155476,ray_worker_b,3.86%,1.77GiB / 7.225GiB
1791155478,ray_head,7.86%,570.5MiB / 7.225GiB
1791155478,ray_worker_a,3.08%,1.525GiB / 7.225GiB
1791155478,ray_worker_b,2.86%,1.77GiB / 7.225GiB
1791155480,ray_head,11.58%,570.9MiB / 7.225GiB
1791155480,ray_worker_a,3.52%,1.525GiB / 7.225GiB
1791155480,ray_worker_b,2.73%,1.77GiB / 7.225GiB
1791155482,ray_head,4.48%,570.9MiB / 7.225GiB
1791155482,ray_worker_a,3.15%,1.525GiB / 7.225GiB
1791155482,ray_worker_b,2.30%,1.77GiB / 7.225GiB
1791155484,ray_head,5.92%,571.2MiB / 7.225GiB
1791155484,ray_worker_a,2.76%,1.525GiB / 7.225GiB
1791155484,ray_worker_b,3.04%,1.77GiB / 7.225GiB
1791155486,ray_head,7.49%,571.7MiB / 7.225GiB
1791155486,ray_worker_a,2.65%,1.525GiB / 7.225GiB
1791155486,ray_worker_b,3.18%,1.77GiB / 7.225GiB
1791155488,ray_head,5.88%,572.1MiB / 7.225GiB
1791155488,ray_worker_a,3.45%,1.525GiB / 7.225GiB
1791155488,ray_worker_b,3.55%,1.77GiB / 7.225GiB
1791155490,ray_head,7.34%,571.1MiB / 7.225GiB
1791155490,ray_worker_a,3.68%,1.525GiB / 7.225GiB
1791155490,ray_worker_b,2.60%,1.77GiB / 7.225GiB
1791155492,ray_head,4.31%,571.3MiB / 7.225GiB
1791155492,ray_worker_a,3.11%,1.525GiB / 7.225GiB
1791155492,ray_worker_b,2.43%,1.77GiB / 7.225GiB
1791155494,ray_head,5.41%,572.1MiB / 7.225GiB
1791155494,ray_worker_a,2.17%,1.525GiB / 7.225GiB
1791155494,ray_worker_b,2.53%,1.77GiB / 7.225GiB
1791155496,ray_head,6.37%,572.2MiB / 7.225GiB
1791155496,ray_worker_a,2.55%,1.525GiB / 7.225GiB
1791155496,ray_worker_b,3.19%,1.77GiB / 7.225GiB
1791155498,ray_head,5.13%,572MiB / 7.225GiB
1791155498,ray_worker_a,2.62%,1.525GiB / 7.225GiB
1791155498,ray_worker_b,2.36%,1.77GiB / 7.225GiB
1791155500,ray_head,7.05%,571.3MiB / 7.225GiB
1791155500,ray_worker_a,3.25%,1.525GiB / 7.225GiB
1791155500,ray_worker_b,2.98%,1.77GiB / 7.225GiB
1791155502,ray_head,6.93%,573MiB / 7.225GiB
1791155502,ray_worker_a,3.98%,1.525GiB / 7.225GiB
1791155502,ray_worker_b,3.60%,1.76GiB / 7.225GiB
1791155504,ray_head,6.94%,573.3MiB / 7.225GiB
1791155504,ray_worker_a,2.72%,1.525GiB / 7.225GiB
1791155504,ray_worker_b,3.18%,1.76GiB / 7.225GiB
1791155506,ray_head,10.18%,573.8MiB / 7.225GiB
1791155506,ray_worker_a,3.81%,1.524GiB / 7.225GiB
1791155506,ray_worker_b,4.61%,1.76GiB / 7.225GiB
1791155508,ray_head,4.36%,573.9MiB / 7.225GiB
1791155508,ray_worker_a,2.88%,1.524GiB / 7.225GiB
1791155508,ray_worker_b,2.78%,1.76GiB / 7.225GiB
1791155510,ray_head,7.63%,573.2MiB / 7.225GiB
1791155510,ray_worker_a,3.28%,1.524GiB / 7.225GiB
1791155510,ray_worker_b,2.97%,1.76GiB / 7.225GiB
1791155512,ray_head,6.86%,573.6MiB / 7.225GiB
1791155512,ray_worker_a,5.65%,1.525GiB / 7.225GiB
1791155512,ray_worker_b,3.59%,1.76GiB / 7.225GiB
1791155514,ray_head,6.13%,573.9MiB / 7.225GiB
1791155514,ray_worker_a,2.22%,1.525GiB / 7.225GiB
1791155514,ray_worker_b,2.98%,1.76GiB / 7.225GiB
1791155516,ray_head,7.44%,573.9MiB / 7.225GiB
1791155516,ray_worker_a,2.62%,1.524GiB / 7.225GiB
1791155516,ray_worker_b,3.43%,1.76GiB / 7.225GiB
1791155518,ray_head,6.94%,573.8MiB / 7.225GiB
1791155518,ray_worker_a,4.64%,1.525GiB / 7.225GiB
1791155518,ray_worker_b,4.48%,1.76GiB / 7.225GiB
1791155520,ray_head,6.16%,572.8MiB / 7.225GiB
1791155520,ray_worker_a,2.45%,1.525GiB / 7.225GiB
1791155520,ray_worker_b,2.12%,1.76GiB / 7.225GiB
1791155522,ray_head,8.76%,574MiB / 7.225GiB
1791155522,ray_worker_a,5.88%,1.525GiB / 7.225GiB
1791155522,ray_worker_b,4.28%,1.76GiB / 7.225GiB
1791155524,ray_head,5.35%,574MiB / 7.225GiB
1791155524,ray_worker_a,2.34%,1.525GiB / 7.225GiB
1791155524,ray_worker_b,2.75%,1.76GiB / 7.225GiB
1791155526,ray_head,8.09%,574.3MiB / 7.225GiB
1791155526,ray_worker_a,2.93%,1.525GiB / 7.225GiB
1791155526,ray_worker_b,3.53%,1.76GiB / 7.225GiB
1791155528,ray_head,4.81%,574.2MiB / 7.225GiB
1791155528,ray_worker_a,3.29%,1.524GiB / 7.225GiB
1791155528,ray_worker_b,2.85%,1.761GiB / 7.225GiB
1791155530,ray_head,5.97%,575.2MiB / 7.225GiB
1791155530,ray_worker_a,2.25%,1.525GiB / 7.225GiB
1791155530,ray_worker_b,1.84%,1.761GiB / 7.225GiB
1791155532,ray_head,5.03%,575.1MiB / 7.225GiB
1791155532,ray_worker_a,4.17%,1.525GiB / 7.225GiB
1791155532,ray_worker_b,2.71%,1.747GiB / 7.225GiB
1791155534,ray_head,6.29%,575.8MiB / 7.225GiB
1791155534,ray_worker_a,2.65%,1.525GiB / 7.225GiB
1791155534,ray_worker_b,3.10%,1.747GiB / 7.225GiB
1791155536,ray_head,6.35%,576.1MiB / 7.225GiB
1791155536,ray_worker_a,2.41%,1.525GiB / 7.225GiB
1791155536,ray_worker_b,3.10%,1.733GiB / 7.225GiB
1791155538,ray_head,4.97%,576.4MiB / 7.225GiB
1791155538,ray_worker_a,2.54%,1.525GiB / 7.225GiB
1791155538,ray_worker_b,2.65%,1.733GiB / 7.225GiB
1791155540,ray_head,5.39%,575MiB / 7.225GiB
1791155540,ray_worker_a,2.31%,1.525GiB / 7.225GiB
1791155540,ray_worker_b,1.87%,1.733GiB / 7.225GiB
1791155542,ray_head,4.37%,576.3MiB / 7.225GiB
1791155542,ray_worker_a,3.67%,1.525GiB / 7.225GiB
1791155542,ray_worker_b,2.09%,1.733GiB / 7.225GiB
1791155544,ray_head,5.31%,576.6MiB / 7.225GiB
1791155544,ray_worker_a,2.26%,1.525GiB / 7.225GiB
1791155544,ray_worker_b,2.51%,1.733GiB / 7.225GiB
1791155546,ray_head,6.08%,576.6MiB / 7.225GiB
1791155546,ray_worker_a,2.09%,1.525GiB / 7.225GiB
1791155546,ray_worker_b,2.61%,1.733GiB / 7.225GiB
1791155548,ray_head,4.43%,576.9MiB / 7.225GiB
1791155548,ray_worker_a,2.88%,1.525GiB / 7.225GiB
1791155548,ray_worker_b,2.82%,1.733GiB / 7.225GiB
1791155550,ray_head,6.09%,576.8MiB / 7.225GiB
1791155550,ray_worker_a,3.23%,1.525GiB / 7.225GiB
1791155550,ray_worker_b,2.93%,1.712GiB / 7.225GiB
1791155552,ray_head,4.09%,576.5MiB / 7.225GiB
1791155552,ray_worker_a,3.86%,1.525GiB / 7.225GiB
1791155552,ray_worker_b,2.02%,1.712GiB / 7.225GiB
1791155554,ray_head,5.79%,577.4MiB / 7.225GiB
1791155554,ray_worker_a,2.46%,1.525GiB / 7.225GiB
1791155554,ray_worker_b,2.34%,1.712GiB / 7.225GiB
1791155556,ray_head,28.69%,577.6MiB / 7.225GiB
1791155556,ray_worker_a,9.19%,1.525GiB / 7.225GiB
1791155556,ray_worker_b,9.12%,1.712GiB / 7.225GiB
1791155558,ray_head,9.88%,577.2MiB / 7.225GiB
1791155558,ray_worker_a,4.13%,1.525GiB / 7.225GiB
1791155558,ray_worker_b,5.12%,1.712GiB / 7.225GiB
1791155560,ray_head,3.87%,577.3MiB / 7.225GiB
1791155560,ray_worker_a,2.55%,1.525GiB / 7.225GiB
1791155560,ray_worker_b,1.97%,1.712GiB / 7.225GiB
1791155562,ray_head,8.32%,578.2MiB / 7.225GiB
1791155562,ray_worker_a,4.65%,1.525GiB / 7.225GiB
1791155562,ray_worker_b,2.65%,1.712GiB / 7.225GiB
1791155564,ray_head,5.51%,577.5MiB / 7.225GiB
1791155564,ray_worker_a,2.82%,1.525GiB / 7.225GiB
1791155564,ray_worker_b,4.17%,1.712GiB / 7.225GiB
1791155567,ray_head,14.21%,578.2MiB / 7.225GiB
1791155567,ray_worker_a,2.73%,1.525GiB / 7.225GiB
1791155567,ray_worker_b,2.89%,1.712GiB / 7.225GiB
1791155569,ray_head,5.25%,578.1MiB / 7.225GiB
1791155569,ray_worker_a,2.78%,1.526GiB / 7.225GiB
1791155569,ray_worker_b,2.80%,1.712GiB / 7.225GiB
1791155571,ray_head,16.96%,577.4MiB / 7.225GiB
1791155571,ray_worker_a,2.61%,1.526GiB / 7.225GiB
1791155571,ray_worker_b,2.12%,1.712GiB / 7.225GiB
1791155573,ray_head,6.90%,577.9MiB / 7.225GiB
1791155573,ray_worker_a,5.42%,1.525GiB / 7.225GiB
1791155573,ray_worker_b,3.44%,1.712GiB / 7.225GiB
1791155575,ray_head,9.43%,578.3MiB / 7.225GiB
1791155575,ray_worker_a,4.00%,1.525GiB / 7.225GiB
1791155575,ray_worker_b,4.07%,1.712GiB / 7.225GiB
1791155577,ray_head,9.01%,578.4MiB / 7.225GiB
1791155577,ray_worker_a,3.31%,1.526GiB / 7.225GiB
1791155577,ray_worker_b,4.21%,1.712GiB / 7.225GiB
1791155579,ray_head,7.60%,578.8MiB / 7.225GiB
1791155579,ray_worker_a,3.76%,1.525GiB / 7.225GiB
1791155579,ray_worker_b,3.67%,1.712GiB / 7.225GiB
1791155581,ray_head,3.96%,578.2MiB / 7.225GiB
1791155581,ray_worker_a,2.79%,1.525GiB / 7.225GiB
1791155581,ray_worker_b,2.07%,1.713GiB / 7.225GiB
1791155583,ray_head,4.68%,578.2MiB / 7.225GiB
1791155583,ray_worker_a,3.44%,1.525GiB / 7.225GiB
1791155583,ray_worker_b,2.21%,1.713GiB / 7.225GiB
1791155585,ray_head,3.61%,578MiB / 7.225GiB
1791155585,ray_worker_a,2.53%,1.526GiB / 7.225GiB
1791155585,ray_worker_b,2.71%,1.713GiB / 7.225GiB
1791155587,ray_head,5.81%,578.4MiB / 7.225GiB
1791155587,ray_worker_a,3.18%,1.525GiB / 7.225GiB
1791155587,ray_worker_b,2.68%,1.713GiB / 7.225GiB
1791155589,ray_head,5.33%,577.9MiB / 7.225GiB
1791155589,ray_worker_a,2.51%,1.525GiB / 7.225GiB
1791155589,ray_worker_b,2.44%,1.713GiB / 7.225GiB
1791155591,ray_head,4.49%,577.7MiB / 7.225GiB
1791155591,ray_worker_a,2.74%,1.526GiB / 7.225GiB
1791155591,ray_worker_b,2.00%,1.713GiB / 7.225GiB
1791155593,ray_head,3.70%,577.8MiB / 7.225GiB
1791155593,ray_worker_a,3.31%,1.511GiB / 7.225GiB
1791155593,ray_worker_b,2.40%,1.713GiB / 7.225GiB
1791155595,ray_head,3.59%,577.8MiB / 7.225GiB
1791155595,ray_worker_a,2.40%,1.511GiB / 7.225GiB
1791155595,ray_worker_b,2.37%,1.713GiB / 7.225GiB
1791155597,ray_head,6.18%,578.2MiB / 7.225GiB
1791155597,ray_worker_a,4.32%,1.511GiB / 7.225GiB
1791155597,ray_worker_b,3.16%,1.713GiB / 7.225GiB
1791155599,ray_head,4.78%,578.3MiB / 7.225GiB
1791155599,ray_worker_a,2.58%,1.511GiB / 7.225GiB
1791155599,ray_worker_b,2.47%,1.713GiB / 7.225GiB
1791155601,ray_head,4.60%,578.4MiB / 7.225GiB
1791155601,ray_worker_a,2.47%,1.511GiB / 7.225GiB
1791155601,ray_worker_b,1.92%,1.713GiB / 7.225GiB
1791155603,ray_head,4.13%,578MiB / 7.225GiB
1791155603,ray_worker_a,2.90%,1.511GiB / 7.225GiB
1791155603,ray_worker_b,2.69%,1.713GiB / 7.225GiB
1791155605,ray_head,3.92%,578.1MiB / 7.225GiB
1791155605,ray_worker_a,2.59%,1.511GiB / 7.225GiB
1791155605,ray_worker_b,2.35%,1.713GiB / 7.225GiB
1791155607,ray_head,6.04%,578.1MiB / 7.225GiB
1791155607,ray_worker_a,3.51%,1.511GiB / 7.225GiB
1791155607,ray_worker_b,2.79%,1.713GiB / 7.225GiB
1791155609,ray_head,5.27%,578.2MiB / 7.225GiB
1791155609,ray_worker_a,2.54%,1.511GiB / 7.225GiB
1791155609,ray_worker_b,2.49%,1.713GiB / 7.225GiB
1791155611,ray_head,4.10%,578MiB / 7.225GiB
1791155611,ray_worker_a,2.51%,1.511GiB / 7.225GiB
1791155611,ray_worker_b,1.89%,1.713GiB / 7.225GiB
1791155613,ray_head,3.73%,577.9MiB / 7.225GiB
1791155613,ray_worker_a,3.05%,1.511GiB / 7.225GiB
1791155613,ray_worker_b,2.89%,1.713GiB / 7.225GiB
1791155615,ray_head,3.53%,578.2MiB / 7.225GiB
1791155615,ray_worker_a,2.33%,1.511GiB / 7.225GiB
1791155615,ray_worker_b,2.23%,1.713GiB / 7.225GiB
1791155617,ray_head,5.44%,578.3MiB / 7.225GiB
1791155617,ray_worker_a,3.27%,1.511GiB / 7.225GiB
1791155617,ray_worker_b,2.52%,1.713GiB / 7.225GiB
1791155619,ray_head,5.01%,577.8MiB / 7.225GiB
1791155619,ray_worker_a,2.34%,1.511GiB / 7.225GiB
1791155619,ray_worker_b,2.45%,1.713GiB / 7.225GiB
1791155621,ray_head,4.19%,577.9MiB / 7.225GiB
1791155621,ray_worker_a,2.04%,1.511GiB / 7.225GiB
1791155621,ray_worker_b,1.72%,1.713GiB / 7.225GiB
1791155623,ray_head,4.25%,578.3MiB / 7.225GiB
1791155623,ray_worker_a,3.36%,1.511GiB / 7.225GiB
1791155623,ray_worker_b,3.31%,1.713GiB / 7.225GiB
1791155625,ray_head,3.65%,578.2MiB / 7.225GiB
1791155625,ray_worker_a,2.39%,1.511GiB / 7.225GiB
1791155625,ray_worker_b,2.26%,1.713GiB / 7.225GiB
1791155627,ray_head,5.32%,578.4MiB / 7.225GiB
1791155627,ray_worker_a,3.22%,1.511GiB / 7.225GiB
1791155627,ray_worker_b,2.58%,1.713GiB / 7.225GiB
1791155629,ray_head,5.19%,578.3MiB / 7.225GiB
1791155629,ray_worker_a,2.70%,1.512GiB / 7.225GiB
1791155629,ray_worker_b,2.42%,1.713GiB / 7.225GiB
1791155631,ray_head,4.49%,578.7MiB / 7.225GiB
1791155631,ray_worker_a,2.38%,1.512GiB / 7.225GiB
1791155631,ray_worker_b,2.03%,1.713GiB / 7.225GiB
1791155633,ray_head,4.01%,578.5MiB / 7.225GiB
1791155633,ray_worker_a,3.01%,1.512GiB / 7.225GiB
1791155633,ray_worker_b,2.84%,1.714GiB / 7.225GiB
1791155635,ray_head,3.44%,579MiB / 7.225GiB
1791155635,ray_worker_a,2.45%,1.512GiB / 7.225GiB
1791155635,ray_worker_b,2.29%,1.713GiB / 7.225GiB
1791155637,ray_head,6.52%,578.4MiB / 7.225GiB
1791155637,ray_worker_a,3.49%,1.511GiB / 7.225GiB
1791155637,ray_worker_b,2.73%,1.713GiB / 7.225GiB
1791155639,ray_head,5.23%,578.9MiB / 7.225GiB
1791155639,ray_worker_a,2.89%,1.511GiB / 7.225GiB
1791155639,ray_worker_b,2.40%,1.713GiB / 7.225GiB
1791155641,ray_head,5.10%,578.4MiB / 7.225GiB
1791155641,ray_worker_a,2.23%,1.511GiB / 7.225GiB
1791155641,ray_worker_b,2.49%,1.713GiB / 7.225GiB
1791155643,ray_head,3.90%,578.6MiB / 7.225GiB
1791155643,ray_worker_a,3.02%,1.512GiB / 7.225GiB
1791155643,ray_worker_b,3.09%,1.714GiB / 7.225GiB
1791155645,ray_head,4.11%,578.5MiB / 7.225GiB
1791155645,ray_worker_a,2.36%,1.512GiB / 7.225GiB
1791155645,ray_worker_b,2.28%,1.713GiB / 7.225GiB
1791155647,ray_head,6.54%,578.6MiB / 7.225GiB
1791155647,ray_worker_a,3.41%,1.512GiB / 7.225GiB
1791155647,ray_worker_b,2.13%,1.714GiB / 7.225GiB
1791155649,ray_head,5.95%,579.1MiB / 7.225GiB
1791155649,ray_worker_a,2.72%,1.511GiB / 7.225GiB
1791155649,ray_worker_b,2.11%,1.714GiB / 7.225GiB
1791155651,ray_head,4.32%,579.6MiB / 7.225GiB
1791155651,ray_worker_a,2.20%,1.512GiB / 7.225GiB
1791155651,ray_worker_b,2.49%,1.714GiB / 7.225GiB
1791155653,ray_head,6.82%,579.7MiB / 7.225GiB
1791155653,ray_worker_a,3.23%,1.512GiB / 7.225GiB
1791155653,ray_worker_b,3.99%,1.714GiB / 7.225GiB
1791155655,ray_head,4.06%,580MiB / 7.225GiB
1791155655,ray_worker_a,2.60%,1.512GiB / 7.225GiB
1791155655,ray_worker_b,2.53%,1.713GiB / 7.225GiB
1791155657,ray_head,5.38%,579.8MiB / 7.225GiB
1791155657,ray_worker_a,3.55%,1.512GiB / 7.225GiB
1791155657,ray_worker_b,2.03%,1.714GiB / 7.225GiB
1791155659,ray_head,4.99%,580MiB / 7.225GiB
1791155659,ray_worker_a,2.63%,1.512GiB / 7.225GiB
1791155659,ray_worker_b,2.00%,1.714GiB / 7.225GiB
1791155661,ray_head,5.10%,580.3MiB / 7.225GiB
1791155661,ray_worker_a,2.33%,1.511GiB / 7.225GiB
1791155661,ray_worker_b,2.66%,1.714GiB / 7.225GiB
1791155663,ray_head,6.15%,580.1MiB / 7.225GiB
1791155663,ray_worker_a,2.45%,1.512GiB / 7.225GiB
1791155663,ray_worker_b,2.96%,1.714GiB / 7.225GiB
1791155665,ray_head,3.37%,580.1MiB / 7.225GiB
1791155665,ray_worker_a,2.37%,1.512GiB / 7.225GiB
1791155665,ray_worker_b,2.14%,1.714GiB / 7.225GiB
1791155667,ray_head,5.36%,580.2MiB / 7.225GiB
1791155667,ray_worker_a,3.54%,1.512GiB / 7.225GiB
1791155667,ray_worker_b,2.09%,1.714GiB / 7.225GiB
1791155669,ray_head,5.19%,580.4MiB / 7.225GiB
1791155669,ray_worker_a,2.57%,1.512GiB / 7.225GiB
1791155669,ray_worker_b,2.00%,1.713GiB / 7.225GiB
1791155671,ray_head,11.73%,580.9MiB / 7.225GiB
1791155671,ray_worker_a,5.30%,1.512GiB / 7.225GiB
1791155671,ray_worker_b,7.34%,1.714GiB / 7.225GiB
1791155673,ray_head,6.42%,580.9MiB / 7.225GiB
1791155673,ray_worker_a,3.75%,1.512GiB / 7.225GiB
1791155673,ray_worker_b,5.31%,1.714GiB / 7.225GiB
1791155675,ray_head,3.81%,580.8MiB / 7.225GiB
1791155675,ray_worker_a,2.52%,1.512GiB / 7.225GiB
1791155675,ray_worker_b,2.68%,1.713GiB / 7.225GiB
1791155677,ray_head,4.75%,580.9MiB / 7.225GiB
1791155677,ray_worker_a,3.64%,1.512GiB / 7.225GiB
1791155677,ray_worker_b,1.74%,1.714GiB / 7.225GiB
1791155679,ray_head,7.62%,580.5MiB / 7.225GiB
1791155679,ray_worker_a,2.88%,1.512GiB / 7.225GiB
1791155679,ray_worker_b,2.14%,1.713GiB / 7.225GiB
1791155681,ray_head,5.47%,580.7MiB / 7.225GiB
1791155681,ray_worker_a,2.26%,1.512GiB / 7.225GiB
1791155681,ray_worker_b,2.48%,1.714GiB / 7.225GiB
1791155683,ray_head,4.62%,580.9MiB / 7.225GiB
1791155683,ray_worker_a,2.87%,1.512GiB / 7.225GiB
1791155683,ray_worker_b,3.56%,1.714GiB / 7.225GiB
1791155685,ray_head,3.41%,581.3MiB / 7.225GiB
1791155685,ray_worker_a,2.39%,1.512GiB / 7.225GiB
1791155685,ray_worker_b,2.21%,1.714GiB / 7.225GiB
1791155687,ray_head,5.27%,581.1MiB / 7.225GiB
1791155687,ray_worker_a,3.87%,1.512GiB / 7.225GiB
1791155687,ray_worker_b,2.50%,1.714GiB / 7.225GiB
1791155689,ray_head,7.33%,581.2MiB / 7.225GiB
1791155689,ray_worker_a,3.08%,1.511GiB / 7.225GiB
1791155689,ray_worker_b,2.42%,1.714GiB / 7.225GiB
1791155691,ray_head,8.39%,581.5MiB / 7.225GiB
1791155691,ray_worker_a,3.47%,1.512GiB / 7.225GiB
1791155691,ray_worker_b,3.82%,1.714GiB / 7.225GiB
1791155693,ray_head,6.24%,581.8MiB / 7.225GiB
1791155693,ray_worker_a,3.55%,1.512GiB / 7.225GiB
1791155693,ray_worker_b,4.58%,1.714GiB / 7.225GiB
1791155695,ray_head,5.28%,581.8MiB / 7.225GiB
1791155695,ray_worker_a,3.13%,1.512GiB / 7.225GiB
1791155695,ray_worker_b,2.92%,1.714GiB / 7.225GiB
1791155697,ray_head,4.66%,581.6MiB / 7.225GiB
1791155697,ray_worker_a,3.57%,1.512GiB / 7.225GiB
1791155697,ray_worker_b,1.96%,1.714GiB / 7.225GiB
