1791153949,spark_master,0.13%,268.5MiB / 7.225GiB
1791153949,spark_worker_a,0.13%,171.3MiB / 7.225GiB
1791153949,spark_worker_b,0.12%,169.3MiB / 7.225GiB
1791153951,spark_master,0.13%,268.5MiB / 7.225GiB
1791153951,spark_worker_a,0.12%,171.3MiB / 7.225GiB
1791153951,spark_worker_b,0.12%,169.3MiB / 7.225GiB
1791153953,spark_master,0.08%,268.5MiB / 7.225GiB
1791153953,spark_worker_a,0.09%,171.3MiB / 7.225GiB
1791153953,spark_worker_b,0.07%,169.3MiB / 7.225GiB
1791153955,spark_master,0.14%,268.5MiB / 7.225GiB
1791153955,spark_worker_a,0.17%,171.3MiB / 7.225GiB
1791153955,spark_worker_b,0.18%,169.3MiB / 7.225GiB
1791153957,spark_master,0.15%,268.5MiB / 7.225GiB
1791153957,spark_worker_a,0.20%,171.3MiB / 7.225GiB
1791153957,spark_worker_b,0.16%,169.3MiB / 7.225GiB
1791153959,spark_master,0.16%,268.5MiB / 7.225GiB
1791153959,spark_worker_a,0.16%,171.3MiB / 7.225GiB
1791153959,spark_worker_b,0.15%,169.3MiB / 7.225GiB
1791153961,spark_master,0.76%,269.3MiB / 7.225GiB
1791153961,spark_worker_a,0.53%,171.6MiB / 7.225GiB
1791153961,spark_worker_b,0.43%,169.8MiB / 7.225GiB
1791153963,spark_master,0.07%,268.6MiB / 7.225GiB
1791153963,spark_worker_a,0.08%,171.3MiB / 7.225GiB
1791153963,spark_worker_b,0.08%,169.3MiB / 7.225GiB
1791153965,spark_master,72.34%,335.4MiB / 7.225GiB
1791153965,spark_worker_a,0.08%,171.3MiB / 7.225GiB
1791153965,spark_worker_b,0.08%,169.3MiB / 7.225GiB
1791153967,spark_master,162.15%,488.2MiB / 7.225GiB
1791153967,spark_worker_a,0.08%,171.2MiB / 7.225GiB
1791153967,spark_worker_b,0.08%,169.3MiB / 7.225GiB
1791153969,spark_master,66.21%,483.6MiB / 7.225GiB
1791153969,spark_worker_a,71.63%,245MiB / 7.225GiB
1791153969,spark_worker_b,74.84%,243MiB / 7.225GiB
1791153971,spark_master,92.91%,495.4MiB / 7.225GiB
1791153971,spark_worker_a,73.72%,283.4MiB / 7.225GiB
1791153971,spark_worker_b,72.00%,284MiB / 7.225GiB
1791153973,spark_master,66.59%,547.4MiB / 7.225GiB
1791153973,spark_worker_a,83.80%,338.6MiB / 7.225GiB
1791153973,spark_worker_b,94.35%,344.8MiB / 7.225GiB
1791153976,spark_master,36.93%,571.7MiB / 7.225GiB
1791153976,spark_worker_a,85.08%,411.5MiB / 7.225GiB
1791153976,spark_worker_b,6.94%,409.8MiB / 7.225GiB
1791153978,spark_master,34.82%,559.8MiB / 7.225GiB
1791153978,spark_worker_a,61.81%,444.2MiB / 7.225GiB
1791153978,spark_worker_b,0.51%,393MiB / 7.225GiB
1791153980,spark_master,67.55%,561MiB / 7.225GiB
1791153980,spark_worker_a,0.14%,415.3MiB / 7.225GiB
1791153980,spark_worker_b,0.31%,371.6MiB / 7.225GiB
1791153982,spark_master,88.01%,579.1MiB / 7.225GiB
1791153982,spark_worker_a,0.17%,396MiB / 7.225GiB
1791153982,spark_worker_b,38.11%,376.4MiB / 7.225GiB
1791153984,spark_master,71.95%,545.5MiB / 7.225GiB
1791153984,spark_worker_a,24.34%,357.1MiB / 7.225GiB
1791153984,spark_worker_b,28.91%,391.1MiB / 7.225GiB
1791153986,spark_master,61.75%,534.5MiB / 7.225GiB
1791153986,spark_worker_a,0.12%,360.1MiB / 7.225GiB
1791153986,spark_worker_b,0.13%,374.7MiB / 7.225GiB
1791153988,spark_master,80.19%,533.6MiB / 7.225GiB
1791153988,spark_worker_a,2.08%,360.5MiB / 7.225GiB
1791153988,spark_worker_b,3.97%,367.8MiB / 7.225GiB
1791153990,spark_master,26.59%,527.7MiB / 7.225GiB
1791153990,spark_worker_a,135.99%,377.2MiB / 7.225GiB
1791153990,spark_worker_b,0.19%,367.8MiB / 7.225GiB
1791153992,spark_master,73.64%,567.1MiB / 7.225GiB
1791153992,spark_worker_a,105.54%,410.5MiB / 7.225GiB
1791153992,spark_worker_b,20.82%,374.5MiB / 7.225GiB
1791153994,spark_master,104.57%,655.4MiB / 7.225GiB
1791153994,spark_worker_a,79.01%,446.2MiB / 7.225GiB
1791153994,spark_worker_b,93.80%,407.8MiB / 7.225GiB
1791153996,spark_master,23.72%,649.4MiB / 7.225GiB
1791153996,spark_worker_a,122.17%,535.4MiB / 7.225GiB
1791153996,spark_worker_b,115.39%,490.2MiB / 7.225GiB
1791153998,spark_master,1.79%,627.2MiB / 7.225GiB
1791153998,spark_worker_a,148.56%,740.2MiB / 7.225GiB
1791153998,spark_worker_b,121.25%,675.8MiB / 7.225GiB
1791154001,spark_master,21.79%,574MiB / 7.225GiB
1791154001,spark_worker_a,105.80%,896.9MiB / 7.225GiB
1791154001,spark_worker_b,106.18%,706.1MiB / 7.225GiB
1791154003,spark_master,0.98%,574.6MiB / 7.225GiB
1791154003,spark_worker_a,149.86%,980MiB / 7.225GiB
1791154003,spark_worker_b,132.58%,852.3MiB / 7.225GiB
1791154005,spark_master,1.25%,576.3MiB / 7.225GiB
1791154005,spark_worker_a,125.89%,1.035GiB / 7.225GiB
1791154005,spark_worker_b,179.33%,946.2MiB / 7.225GiB
1791154007,spark_master,0.96%,576MiB / 7.225GiB
1791154007,spark_worker_a,136.27%,1.07GiB / 7.225GiB
1791154007,spark_worker_b,113.81%,1.009GiB / 7.225GiB
1791154009,spark_master,2.26%,586.2MiB / 7.225GiB
1791154009,spark_worker_a,163.93%,1.189GiB / 7.225GiB
1791154009,spark_worker_b,158.85%,1.097GiB / 7.225GiB
1791154011,spark_master,0.76%,575.9MiB / 7.225GiB
1791154011,spark_worker_a,151.63%,1.317GiB / 7.225GiB
1791154011,spark_worker_b,148.02%,1.104GiB / 7.225GiB
1791154014,spark_master,0.67%,569MiB / 7.225GiB
1791154014,spark_worker_a,136.38%,1.323GiB / 7.225GiB
1791154014,spark_worker_b,156.60%,1.146GiB / 7.225GiB
1791154016,spark_master,1.00%,541.9MiB / 7.225GiB
1791154016,spark_worker_a,120.39%,1.351GiB / 7.225GiB
1791154016,spark_worker_b,120.23%,1.146GiB / 7.225GiB
1791154018,spark_master,1.02%,519.7MiB / 7.225GiB
1791154018,spark_worker_a,118.56%,1.43GiB / 7.225GiB
1791154018,spark_worker_b,99.58%,1.107GiB / 7.225GiB
1791154020,spark_master,0.67%,513.4MiB / 7.225GiB
1791154020,spark_worker_a,119.85%,1.44GiB / 7.225GiB
1791154020,spark_worker_b,141.07%,1.166GiB / 7.225GiB
1791154022,spark_master,5.80%,516.8MiB / 7.225GiB
1791154022,spark_worker_a,150.66%,1.455GiB / 7.225GiB
1791154022,spark_worker_b,128.27%,1.169GiB / 7.225GiB
1791154024,spark_master,7.30%,501.4MiB / 7.225GiB
1791154024,spark_worker_a,145.33%,1.489GiB / 7.225GiB
1791154024,spark_worker_b,150.20%,1.305GiB / 7.225GiB
1791154026,spark_master,9.11%,500.1MiB / 7.225GiB
1791154026,spark_worker_a,164.49%,1.539GiB / 7.225GiB
1791154026,spark_worker_b,158.09%,1.38GiB / 7.225GiB
1791154028,spark_master,15.33%,516.6MiB / 7.225GiB
1791154028,spark_worker_a,150.18%,1.556GiB / 7.225GiB
1791154028,spark_worker_b,141.09%,1.394GiB / 7.225GiB
1791154030,spark_master,31.43%,544.6MiB / 7.225GiB
1791154030,spark_worker_a,83.06%,1.58GiB / 7.225GiB
1791154030,spark_worker_b,124.11%,1.4GiB / 7.225GiB
1791154033,spark_master,0.66%,495.4MiB / 7.225GiB
1791154033,spark_worker_a,156.67%,1.582GiB / 7.225GiB
1791154033,spark_worker_b,159.15%,1.471GiB / 7.225GiB
1791154035,spark_master,1.22%,495.9MiB / 7.225GiB
1791154035,spark_worker_a,159.58%,1.588GiB / 7.225GiB
1791154035,spark_worker_b,158.77%,1.474GiB / 7.225GiB
1791154037,spark_master,3.10%,496.6MiB / 7.225GiB
1791154037,spark_worker_a,123.59%,1.59GiB / 7.225GiB
1791154037,spark_worker_b,130.71%,1.661GiB / 7.225GiB
1791154039,spark_master,1.23%,500.7MiB / 7.225GiB
1791154039,spark_worker_a,177.24%,1.592GiB / 7.225GiB
1791154039,spark_worker_b,151.42%,1.654GiB / 7.225GiB
1791154041,spark_master,32.34%,496.9MiB / 7.225GiB
1791154041,spark_worker_a,138.57%,1.776GiB / 7.225GiB
1791154041,spark_worker_b,122.71%,1.605GiB / 7.225GiB
1791154043,spark_master,4.41%,492.8MiB / 7.225GiB
1791154043,spark_worker_a,172.54%,1.823GiB / 7.225GiB
1791154043,spark_worker_b,118.91%,1.645GiB / 7.225GiB
1791154045,spark_master,1.13%,480.5MiB / 7.225GiB
1791154045,spark_worker_a,114.14%,1.814GiB / 7.225GiB
1791154045,spark_worker_b,148.73%,1.656GiB / 7.225GiB
1791154048,spark_master,0.77%,478.2MiB / 7.225GiB
1791154048,spark_worker_a,168.28%,1.808GiB / 7.225GiB
1791154048,spark_worker_b,189.40%,1.661GiB / 7.225GiB
1791154050,spark_master,0.26%,471.3MiB / 7.225GiB
1791154050,spark_worker_a,116.26%,1.803GiB / 7.225GiB
1791154050,spark_worker_b,187.79%,1.653GiB / 7.225GiB
1791154052,spark_master,24.89%,466.8MiB / 7.225GiB
1791154052,spark_worker_a,153.21%,1.808GiB / 7.225GiB
1791154052,spark_worker_b,94.03%,1.658GiB / 7.225GiB
1791154054,spark_master,2.92%,455.4MiB / 7.225GiB
1791154054,spark_worker_a,184.46%,1.803GiB / 7.225GiB
1791154054,spark_worker_b,153.13%,1.664GiB / 7.225GiB
1791154056,spark_master,0.34%,454.9MiB / 7.225GiB
1791154056,spark_worker_a,183.19%,1.806GiB / 7.225GiB
1791154056,spark_worker_b,153.42%,1.659GiB / 7.225GiB
1791154058,spark_master,0.35%,455.1MiB / 7.225GiB
1791154058,spark_worker_a,176.52%,1.818GiB / 7.225GiB
1791154058,spark_worker_b,184.24%,1.664GiB / 7.225GiB
1791154060,spark_master,13.42%,448.8MiB / 7.225GiB
1791154060,spark_worker_a,153.04%,1.831GiB / 7.225GiB
1791154060,spark_worker_b,167.51%,1.717GiB / 7.225GiB
1791154062,spark_master,22.08%,453.8MiB / 7.225GiB
1791154062,spark_worker_a,159.53%,1.841GiB / 7.225GiB
1791154062,spark_worker_b,159.02%,1.709GiB / 7.225GiB
1791154064,spark_master,0.76%,454.6MiB / 7.225GiB
1791154064,spark_worker_a,149.31%,1.837GiB / 7.225GiB
1791154064,spark_worker_b,141.77%,1.71GiB / 7.225GiB
1791154066,spark_master,28.70%,445.9MiB / 7.225GiB
1791154066,spark_worker_a,122.98%,1.859GiB / 7.225GiB
1791154066,spark_worker_b,137.76%,1.729GiB / 7.225GiB
1791154068,spark_master,11.46%,426.5MiB / 7.225GiB
1791154068,spark_worker_a,144.40%,1.811GiB / 7.225GiB
1791154068,spark_worker_b,127.21%,1.736GiB / 7.225GiB
1791154071,spark_master,8.84%,400.4MiB / 7.225GiB
1791154071,spark_worker_a,165.95%,1.766GiB / 7.225GiB
1791154071,spark_worker_b,138.09%,1.738GiB / 7.225GiB
1791154073,spark_master,16.05%,396.3MiB / 7.225GiB
1791154073,spark_worker_a,149.87%,1.775GiB / 7.225GiB
1791154073,spark_worker_b,148.22%,1.739GiB / 7.225GiB
1791154075,spark_master,8.32%,402.2MiB / 7.225GiB
1791154075,spark_worker_a,161.73%,1.787GiB / 7.225GiB
1791154075,spark_worker_b,155.96%,1.769GiB / 7.225GiB
1791154077,spark_master,0.48%,403.1MiB / 7.225GiB
1791154077,spark_worker_a,131.79%,1.795GiB / 7.225GiB
1791154077,spark_worker_b,125.65%,1.771GiB / 7.225GiB
1791154079,spark_master,0.24%,403.1MiB / 7.225GiB
1791154079,spark_worker_a,124.10%,1.806GiB / 7.225GiB
1791154079,spark_worker_b,124.51%,1.776GiB / 7.225GiB
1791154081,spark_master,2.92%,404.2MiB / 7.225GiB
1791154081,spark_worker_a,124.15%,1.819GiB / 7.225GiB
1791154081,spark_worker_b,138.81%,1.781GiB / 7.225GiB
1791154083,spark_master,0.32%,403.8MiB / 7.225GiB
1791154083,spark_worker_a,124.38%,1.821GiB / 7.225GiB
1791154083,spark_worker_b,129.93%,1.779GiB / 7.225GiB
1791154085,spark_master,0.84%,404.7MiB / 7.225GiB
1791154085,spark_worker_a,125.04%,1.825GiB / 7.225GiB
1791154085,spark_worker_b,107.98%,1.769GiB / 7.225GiB
1791154087,spark_master,1.15%,404.1MiB / 7.225GiB
1791154087,spark_worker_a,139.98%,1.825GiB / 7.225GiB
1791154087,spark_worker_b,127.02%,1.77GiB / 7.225GiB
1791154089,spark_master,7.87%,407.1MiB / 7.225GiB
1791154089,spark_worker_a,129.98%,1.829GiB / 7.225GiB
1791154089,spark_worker_b,132.09%,1.768GiB / 7.225GiB
1791154091,spark_master,0.79%,409.1MiB / 7.225GiB
1791154091,spark_worker_a,136.46%,1.858GiB / 7.225GiB
1791154091,spark_worker_b,131.17%,1.765GiB / 7.225GiB
1791154093,spark_master,0.44%,409.6MiB / 7.225GiB
1791154093,spark_worker_a,139.01%,1.867GiB / 7.225GiB
1791154093,spark_worker_b,128.00%,1.76GiB / 7.225GiB
1791154095,spark_master,0.62%,409.5MiB / 7.225GiB
1791154095,spark_worker_a,153.18%,1.87GiB / 7.225GiB
1791154095,spark_worker_b,135.98%,1.763GiB / 7.225GiB
1791154097,spark_master,0.20%,409.9MiB / 7.225GiB
1791154097,spark_worker_a,130.71%,1.871GiB / 7.225GiB
1791154097,spark_worker_b,130.66%,1.763GiB / 7.225GiB
1791154099,spark_master,1.23%,409.9MiB / 7.225GiB
1791154099,spark_worker_a,124.47%,1.869GiB / 7.225GiB
1791154099,spark_worker_b,134.78%,1.761GiB / 7.225GiB
1791154101,spark_master,0.92%,411.2MiB / 7.225GiB
1791154101,spark_worker_a,87.48%,1.861GiB / 7.225GiB
1791154101,spark_worker_b,85.97%,1.714GiB / 7.225GiB
1791154103,spark_master,1.83%,412.5MiB / 7.225GiB
1791154103,spark_worker_a,4.31%,1.858GiB / 7.225GiB
1791154103,spark_worker_b,40.16%,1.67GiB / 7.225GiB
1791154106,spark_master,58.48%,440.7MiB / 7.225GiB
1791154106,spark_worker_a,33.89%,1.865GiB / 7.225GiB
1791154106,spark_worker_b,30.75%,1.692GiB / 7.225GiB
1791154108,spark_master,0.42%,454.1MiB / 7.225GiB
1791154108,spark_worker_a,152.13%,1.944GiB / 7.225GiB
1791154108,spark_worker_b,109.75%,1.741GiB / 7.225GiB
1791154110,spark_master,2.40%,455.2MiB / 7.225GiB
1791154110,spark_worker_a,181.03%,1.932GiB / 7.225GiB
1791154110,spark_worker_b,108.70%,1.744GiB / 7.225GiB
1791154112,spark_master,1.97%,456.4MiB / 7.225GiB
1791154112,spark_worker_a,264.82%,1.906GiB / 7.225GiB
1791154112,spark_worker_b,64.20%,1.734GiB / 7.225GiB
1791154114,spark_master,0.25%,456.4MiB / 7.225GiB
1791154114,spark_worker_a,199.90%,1.907GiB / 7.225GiB
1791154114,spark_worker_b,138.97%,1.69GiB / 7.225GiB
1791154116,spark_master,0.22%,457.1MiB / 7.225GiB
1791154116,spark_worker_a,163.92%,1.911GiB / 7.225GiB
1791154116,spark_worker_b,184.61%,1.742GiB / 7.225GiB
1791154118,spark_master,0.33%,459.4MiB / 7.225GiB
1791154118,spark_worker_a,166.28%,1.916GiB / 7.225GiB
1791154118,spark_worker_b,185.91%,1.785GiB / 7.225GiB
1791154120,spark_master,6.43%,461.1MiB / 7.225GiB
1791154120,spark_worker_a,167.39%,1.444GiB / 7.225GiB
1791154120,spark_worker_b,155.62%,1.328GiB / 7.225GiB
1791154122,spark_master,2.39%,461.5MiB / 7.225GiB
1791154122,spark_worker_a,178.57%,1.455GiB / 7.225GiB
1791154122,spark_worker_b,146.89%,1.336GiB / 7.225GiB
1791154124,spark_master,0.37%,461.8MiB / 7.225GiB
1791154124,spark_worker_a,180.38%,1.455GiB / 7.225GiB
1791154124,spark_worker_b,174.44%,1.336GiB / 7.225GiB
1791154126,spark_master,1.93%,461.6MiB / 7.225GiB
1791154126,spark_worker_a,111.59%,1.454GiB / 7.225GiB
1791154126,spark_worker_b,158.21%,1.338GiB / 7.225GiB
1791154128,spark_master,0.57%,461.8MiB / 7.225GiB
1791154128,spark_worker_a,175.59%,1.456GiB / 7.225GiB
1791154128,spark_worker_b,177.94%,1.34GiB / 7.225GiB
1791154130,spark_master,3.87%,462.1MiB / 7.225GiB
1791154130,spark_worker_a,180.04%,1.58GiB / 7.225GiB
1791154130,spark_worker_b,168.20%,1.34GiB / 7.225GiB
1791154132,spark_master,1.72%,462.1MiB / 7.225GiB
1791154132,spark_worker_a,177.28%,1.632GiB / 7.225GiB
1791154132,spark_worker_b,171.27%,1.34GiB / 7.225GiB
1791154134,spark_master,0.67%,461.9MiB / 7.225GiB
1791154134,spark_worker_a,185.05%,1.632GiB / 7.225GiB
1791154134,spark_worker_b,167.29%,1.34GiB / 7.225GiB
1791154136,spark_master,1.96%,462.2MiB / 7.225GiB
1791154136,spark_worker_a,185.07%,1.636GiB / 7.225GiB
1791154136,spark_worker_b,170.40%,1.342GiB / 7.225GiB
1791154138,spark_master,0.79%,462.4MiB / 7.225GiB
1791154138,spark_worker_a,180.67%,1.636GiB / 7.225GiB
1791154138,spark_worker_b,166.28%,1.342GiB / 7.225GiB
1791154141,spark_master,3.93%,463.5MiB / 7.225GiB
1791154141,spark_worker_a,165.00%,1.635GiB / 7.225GiB
1791154141,spark_worker_b,176.62%,1.342GiB / 7.225GiB
1791154143,spark_master,0.47%,463.9MiB / 7.225GiB
1791154143,spark_worker_a,167.53%,1.636GiB / 7.225GiB
1791154143,spark_worker_b,183.84%,1.343GiB / 7.225GiB
1791154145,spark_master,0.35%,463.4MiB / 7.225GiB
1791154145,spark_worker_a,141.41%,1.639GiB / 7.225GiB
1791154145,spark_worker_b,176.25%,1.343GiB / 7.225GiB
1791154147,spark_master,0.21%,463.7MiB / 7.225GiB
1791154147,spark_worker_a,168.80%,1.64GiB / 7.225GiB
1791154147,spark_worker_b,173.76%,1.343GiB / 7.225GiB
1791154149,spark_master,0.43%,463.5MiB / 7.225GiB
1791154149,spark_worker_a,185.13%,1.639GiB / 7.225GiB
1791154149,spark_worker_b,170.26%,1.342GiB / 7.225GiB
1791154151,spark_master,20.64%,467.2MiB / 7.225GiB
1791154151,spark_worker_a,157.30%,1.642GiB / 7.225GiB
1791154151,spark_worker_b,140.09%,1.362GiB / 7.225GiB
1791154153,spark_master,0.95%,475.2MiB / 7.225GiB
1791154153,spark_worker_a,156.91%,1.691GiB / 7.225GiB
1791154153,spark_worker_b,177.30%,1.363GiB / 7.225GiB
1791154155,spark_master,0.28%,475.2MiB / 7.225GiB
1791154155,spark_worker_a,166.64%,1.695GiB / 7.225GiB
1791154155,spark_worker_b,178.63%,1.359GiB / 7.225GiB
1791154157,spark_master,12.58%,476MiB / 7.225GiB
1791154157,spark_worker_a,177.50%,1.645GiB / 7.225GiB
1791154157,spark_worker_b,162.49%,1.385GiB / 7.225GiB
1791154159,spark_master,0.40%,505.8MiB / 7.225GiB
1791154159,spark_worker_a,178.78%,1.648GiB / 7.225GiB
1791154159,spark_worker_b,148.55%,1.421GiB / 7.225GiB
1791154161,spark_master,15.18%,507.4MiB / 7.225GiB
1791154161,spark_worker_a,123.04%,1.647GiB / 7.225GiB
1791154161,spark_worker_b,115.42%,1.422GiB / 7.225GiB
1791154163,spark_master,0.80%,507.9MiB / 7.225GiB
1791154163,spark_worker_a,140.08%,1.649GiB / 7.225GiB
1791154163,spark_worker_b,119.91%,1.424GiB / 7.225GiB
1791154165,spark_master,0.32%,509.1MiB / 7.225GiB
1791154165,spark_worker_a,134.71%,1.678GiB / 7.225GiB
1791154165,spark_worker_b,132.51%,1.438GiB / 7.225GiB
1791154167,spark_master,11.87%,492.9MiB / 7.225GiB
1791154167,spark_worker_a,111.35%,1.676GiB / 7.225GiB
1791154167,spark_worker_b,127.16%,1.79GiB / 7.225GiB
1791154169,spark_master,60.36%,533.1MiB / 7.225GiB
1791154169,spark_worker_a,133.13%,1.675GiB / 7.225GiB
1791154169,spark_worker_b,133.39%,1.737GiB / 7.225GiB
1791154172,spark_master,3.08%,535.7MiB / 7.225GiB
1791154172,spark_worker_a,144.84%,1.686GiB / 7.225GiB
1791154172,spark_worker_b,130.30%,1.737GiB / 7.225GiB
1791154174,spark_master,0.24%,535.9MiB / 7.225GiB
1791154174,spark_worker_a,162.96%,1.688GiB / 7.225GiB
1791154174,spark_worker_b,161.94%,1.754GiB / 7.225GiB
1791154176,spark_master,0.21%,535.7MiB / 7.225GiB
1791154176,spark_worker_a,131.60%,1.674GiB / 7.225GiB
1791154176,spark_worker_b,136.83%,1.81GiB / 7.225GiB
1791154178,spark_master,0.23%,536.7MiB / 7.225GiB
1791154178,spark_worker_a,159.68%,1.675GiB / 7.225GiB
1791154178,spark_worker_b,139.09%,1.816GiB / 7.225GiB
1791154180,spark_master,0.43%,536.5MiB / 7.225GiB
1791154180,spark_worker_a,182.71%,1.664GiB / 7.225GiB
1791154180,spark_worker_b,83.13%,1.814GiB / 7.225GiB
1791154182,spark_master,3.50%,537.2MiB / 7.225GiB
1791154182,spark_worker_a,115.97%,1.653GiB / 7.225GiB
1791154182,spark_worker_b,115.49%,1.804GiB / 7.225GiB
1791154184,spark_master,0.28%,538MiB / 7.225GiB
1791154184,spark_worker_a,213.63%,1.629GiB / 7.225GiB
1791154184,spark_worker_b,118.16%,1.8GiB / 7.225GiB
1791154186,spark_master,0.42%,538.8MiB / 7.225GiB
1791154186,spark_worker_a,170.67%,1.63GiB / 7.225GiB
1791154186,spark_worker_b,169.00%,1.806GiB / 7.225GiB
1791154188,spark_master,0.15%,534.1MiB / 7.225GiB
1791154188,spark_worker_a,185.23%,1.632GiB / 7.225GiB
1791154188,spark_worker_b,174.68%,1.807GiB / 7.225GiB
1791154190,spark_master,0.17%,533.7MiB / 7.225GiB
1791154190,spark_worker_a,178.95%,1.633GiB / 7.225GiB
1791154190,spark_worker_b,182.38%,1.808GiB / 7.225GiB
1791154192,spark_master,2.16%,533.6MiB / 7.225GiB
1791154192,spark_worker_a,199.39%,1.633GiB / 7.225GiB
1791154192,spark_worker_b,160.07%,1.81GiB / 7.225GiB
1791154194,spark_master,2.73%,529.4MiB / 7.225GiB
1791154194,spark_worker_a,195.83%,1.633GiB / 7.225GiB
1791154194,spark_worker_b,141.19%,1.81GiB / 7.225GiB
1791154196,spark_master,0.91%,529.7MiB / 7.225GiB
1791154196,spark_worker_a,168.86%,1.633GiB / 7.225GiB
1791154196,spark_worker_b,177.05%,1.811GiB / 7.225GiB
1791154198,spark_master,0.20%,529.1MiB / 7.225GiB
1791154198,spark_worker_a,172.59%,1.624GiB / 7.225GiB
1791154198,spark_worker_b,180.80%,1.81GiB / 7.225GiB
1791154200,spark_master,1.94%,537.6MiB / 7.225GiB
1791154200,spark_worker_a,0.81%,1.629GiB / 7.225GiB
1791154200,spark_worker_b,269.78%,1.813GiB / 7.225GiB
1791154202,spark_master,11.78%,537.6MiB / 7.225GiB
1791154202,spark_worker_a,0.15%,1.629GiB / 7.225GiB
1791154202,spark_worker_b,243.59%,1.802GiB / 7.225GiB
1791154204,spark_master,108.46%,579.8MiB / 7.225GiB
1791154204,spark_worker_a,3.27%,1.63GiB / 7.225GiB
1791154204,spark_worker_b,19.97%,1.801GiB / 7.225GiB
1791154206,spark_master,61.35%,610.8MiB / 7.225GiB
1791154206,spark_worker_a,109.39%,1.582GiB / 7.225GiB
1791154206,spark_worker_b,118.71%,1.805GiB / 7.225GiB
1791154208,spark_master,2.33%,585.5MiB / 7.225GiB
1791154208,spark_worker_a,93.44%,1.575GiB / 7.225GiB
1791154208,spark_worker_b,152.33%,1.771GiB / 7.225GiB
1791154210,spark_master,2.39%,586.5MiB / 7.225GiB
1791154210,spark_worker_a,101.75%,1.593GiB / 7.225GiB
1791154210,spark_worker_b,127.22%,1.764GiB / 7.225GiB
1791154213,spark_master,0.47%,582.9MiB / 7.225GiB
1791154213,spark_worker_a,135.87%,1.586GiB / 7.225GiB
1791154213,spark_worker_b,117.98%,1.703GiB / 7.225GiB
1791154215,spark_master,0.46%,568.7MiB / 7.225GiB
1791154215,spark_worker_a,123.06%,1.589GiB / 7.225GiB
1791154215,spark_worker_b,160.41%,1.696GiB / 7.225GiB
1791154217,spark_master,15.67%,543.3MiB / 7.225GiB
1791154217,spark_worker_a,64.08%,1.551GiB / 7.225GiB
1791154217,spark_worker_b,152.14%,1.699GiB / 7.225GiB
1791154219,spark_master,10.73%,543.5MiB / 7.225GiB
1791154219,spark_worker_a,160.74%,1.548GiB / 7.225GiB
1791154219,spark_worker_b,0.48%,1.702GiB / 7.225GiB
1791154221,spark_master,16.37%,544.2MiB / 7.225GiB
1791154221,spark_worker_a,131.99%,1.549GiB / 7.225GiB
1791154221,spark_worker_b,4.86%,1.697GiB / 7.225GiB
1791154223,spark_master,85.49%,560.8MiB / 7.225GiB
1791154223,spark_worker_a,62.49%,1.562GiB / 7.225GiB
1791154223,spark_worker_b,2.07%,1.699GiB / 7.225GiB
1791154225,spark_master,2.19%,575.6MiB / 7.225GiB
1791154225,spark_worker_a,120.77%,1.627GiB / 7.225GiB
1791154225,spark_worker_b,140.51%,1.708GiB / 7.225GiB
1791154227,spark_master,0.21%,575.4MiB / 7.225GiB
1791154227,spark_worker_a,134.86%,1.634GiB / 7.225GiB
1791154227,spark_worker_b,197.99%,1.716GiB / 7.225GiB
1791154230,spark_master,0.50%,575.3MiB / 7.225GiB
1791154230,spark_worker_a,145.17%,1.634GiB / 7.225GiB
1791154230,spark_worker_b,160.78%,1.739GiB / 7.225GiB
1791154232,spark_master,7.94%,576MiB / 7.225GiB
1791154232,spark_worker_a,134.87%,1.657GiB / 7.225GiB
1791154232,spark_worker_b,130.84%,1.749GiB / 7.225GiB
1791154234,spark_master,0.38%,576.3MiB / 7.225GiB
1791154234,spark_worker_a,148.00%,1.657GiB / 7.225GiB
1791154234,spark_worker_b,137.76%,1.76GiB / 7.225GiB
1791154236,spark_master,1.50%,576.2MiB / 7.225GiB
1791154236,spark_worker_a,177.40%,1.737GiB / 7.225GiB
1791154236,spark_worker_b,142.63%,1.778GiB / 7.225GiB
1791154238,spark_master,0.60%,579.8MiB / 7.225GiB
1791154238,spark_worker_a,185.23%,1.739GiB / 7.225GiB
1791154238,spark_worker_b,102.87%,1.828GiB / 7.225GiB
1791154240,spark_master,8.76%,579.7MiB / 7.225GiB
1791154240,spark_worker_a,139.13%,1.759GiB / 7.225GiB
1791154240,spark_worker_b,134.02%,1.841GiB / 7.225GiB
1791154242,spark_master,1.63%,579.6MiB / 7.225GiB
1791154242,spark_worker_a,192.59%,1.742GiB / 7.225GiB
1791154242,spark_worker_b,88.63%,1.872GiB / 7.225GiB
1791154244,spark_master,0.38%,580.2MiB / 7.225GiB
1791154244,spark_worker_a,147.98%,1.748GiB / 7.225GiB
1791154244,spark_worker_b,143.54%,1.955GiB / 7.225GiB
1791154246,spark_master,13.74%,581.2MiB / 7.225GiB
1791154246,spark_worker_a,13.57%,1.773GiB / 7.225GiB
1791154246,spark_worker_b,171.38%,1.968GiB / 7.225GiB
1791154248,spark_master,0.57%,581.1MiB / 7.225GiB
1791154248,spark_worker_a,2.22%,1.772GiB / 7.225GiB
1791154248,spark_worker_b,149.57%,2.008GiB / 7.225GiB
1791154250,spark_master,46.28%,589.6MiB / 7.225GiB
1791154250,spark_worker_a,5.46%,1.771GiB / 7.225GiB
1791154250,spark_worker_b,77.37%,1.956GiB / 7.225GiB
1791154252,spark_master,1.87%,595.1MiB / 7.225GiB
1791154252,spark_worker_a,121.42%,1.83GiB / 7.225GiB
1791154252,spark_worker_b,114.80%,2.018GiB / 7.225GiB
1791154254,spark_master,0.58%,596.8MiB / 7.225GiB
1791154254,spark_worker_a,134.70%,1.907GiB / 7.225GiB
1791154254,spark_worker_b,40.17%,1.783GiB / 7.225GiB
1791154256,spark_master,0.81%,596.1MiB / 7.225GiB
1791154256,spark_worker_a,180.75%,1.915GiB / 7.225GiB
1791154256,spark_worker_b,160.77%,1.818GiB / 7.225GiB
1791154258,spark_master,10.17%,596MiB / 7.225GiB
1791154258,spark_worker_a,101.78%,1.92GiB / 7.225GiB
1791154258,spark_worker_b,166.75%,1.833GiB / 7.225GiB
1791154261,spark_master,4.68%,575.3MiB / 7.225GiB
1791154261,spark_worker_a,122.03%,1.927GiB / 7.225GiB
1791154261,spark_worker_b,108.89%,1.865GiB / 7.225GiB
1791154263,spark_master,0.55%,573.8MiB / 7.225GiB
1791154263,spark_worker_a,175.04%,1.931GiB / 7.225GiB
1791154263,spark_worker_b,169.35%,1.854GiB / 7.225GiB
1791154265,spark_master,1.93%,569.2MiB / 7.225GiB
1791154265,spark_worker_a,148.63%,1.902GiB / 7.225GiB
1791154265,spark_worker_b,159.25%,1.856GiB / 7.225GiB
1791154267,spark_master,3.83%,564.6MiB / 7.225GiB
1791154267,spark_worker_a,161.17%,1.904GiB / 7.225GiB
1791154267,spark_worker_b,162.90%,1.839GiB / 7.225GiB
1791154269,spark_master,3.80%,544.9MiB / 7.225GiB
1791154269,spark_worker_a,100.99%,1.905GiB / 7.225GiB
1791154269,spark_worker_b,97.85%,1.822GiB / 7.225GiB
1791154271,spark_master,1.35%,534.3MiB / 7.225GiB
1791154271,spark_worker_a,145.39%,1.905GiB / 7.225GiB
1791154271,spark_worker_b,133.53%,1.819GiB / 7.225GiB
1791154273,spark_master,26.02%,534MiB / 7.225GiB
1791154273,spark_worker_a,152.24%,1.905GiB / 7.225GiB
1791154273,spark_worker_b,159.32%,1.82GiB / 7.225GiB
1791154275,spark_master,0.59%,529.6MiB / 7.225GiB
1791154275,spark_worker_a,122.22%,1.906GiB / 7.225GiB
1791154275,spark_worker_b,152.69%,1.826GiB / 7.225GiB
1791154277,spark_master,1.20%,530.3MiB / 7.225GiB
1791154277,spark_worker_a,174.13%,1.908GiB / 7.225GiB
1791154277,spark_worker_b,180.73%,1.829GiB / 7.225GiB
1791154279,spark_master,0.88%,515.3MiB / 7.225GiB
1791154279,spark_worker_a,181.32%,1.91GiB / 7.225GiB
1791154279,spark_worker_b,153.53%,1.853GiB / 7.225GiB
1791154282,spark_master,3.14%,518MiB / 7.225GiB
1791154282,spark_worker_a,156.51%,1.91GiB / 7.225GiB
1791154282,spark_worker_b,179.35%,1.79GiB / 7.225GiB
1791154284,spark_master,4.51%,500.1MiB / 7.225GiB
1791154284,spark_worker_a,144.97%,1.914GiB / 7.225GiB
1791154284,spark_worker_b,155.88%,1.794GiB / 7.225GiB
1791154286,spark_master,2.62%,493.5MiB / 7.225GiB
1791154286,spark_worker_a,143.85%,1.913GiB / 7.225GiB
1791154286,spark_worker_b,123.73%,1.795GiB / 7.225GiB
1791154288,spark_master,4.70%,487.5MiB / 7.225GiB
1791154288,spark_worker_a,125.67%,1.915GiB / 7.225GiB
1791154288,spark_worker_b,39.36%,1.819GiB / 7.225GiB
1791154290,spark_master,41.73%,504.2MiB / 7.225GiB
1791154290,spark_worker_a,103.61%,1.934GiB / 7.225GiB
1791154290,spark_worker_b,45.83%,1.806GiB / 7.225GiB
1791154292,spark_master,0.94%,504.6MiB / 7.225GiB
1791154292,spark_worker_a,175.54%,1.969GiB / 7.225GiB
1791154292,spark_worker_b,174.09%,1.839GiB / 7.225GiB
1791154294,spark_master,0.14%,505MiB / 7.225GiB
1791154294,spark_worker_a,181.37%,1.968GiB / 7.225GiB
1791154294,spark_worker_b,180.69%,1.842GiB / 7.225GiB
1791154296,spark_master,0.16%,506.3MiB / 7.225GiB
1791154296,spark_worker_a,173.54%,1.97GiB / 7.225GiB
1791154296,spark_worker_b,162.05%,1.843GiB / 7.225GiB
1791154298,spark_master,0.16%,508.4MiB / 7.225GiB
1791154298,spark_worker_a,157.76%,1.969GiB / 7.225GiB
1791154298,spark_worker_b,165.67%,1.839GiB / 7.225GiB
1791154300,spark_master,1.27%,509.1MiB / 7.225GiB
1791154300,spark_worker_a,153.82%,1.968GiB / 7.225GiB
1791154300,spark_worker_b,161.55%,1.835GiB / 7.225GiB
1791154302,spark_master,4.09%,509.3MiB / 7.225GiB
1791154302,spark_worker_a,179.72%,1.969GiB / 7.225GiB
1791154302,spark_worker_b,180.05%,1.834GiB / 7.225GiB
1791154304,spark_master,0.16%,509.8MiB / 7.225GiB
1791154304,spark_worker_a,176.12%,1.969GiB / 7.225GiB
1791154304,spark_worker_b,183.60%,1.835GiB / 7.225GiB
1791154306,spark_master,2.11%,509.6MiB / 7.225GiB
1791154306,spark_worker_a,179.16%,1.969GiB / 7.225GiB
1791154306,spark_worker_b,181.27%,1.834GiB / 7.225GiB
1791154308,spark_master,0.51%,509.7MiB / 7.225GiB
1791154308,spark_worker_a,191.67%,1.969GiB / 7.225GiB
1791154308,spark_worker_b,171.04%,1.833GiB / 7.225GiB
1791154310,spark_master,1.46%,510MiB / 7.225GiB
1791154310,spark_worker_a,181.40%,1.968GiB / 7.225GiB
1791154310,spark_worker_b,176.08%,1.833GiB / 7.225GiB
1791154312,spark_master,1.94%,504.7MiB / 7.225GiB
1791154312,spark_worker_a,181.61%,1.968GiB / 7.225GiB
1791154312,spark_worker_b,177.01%,1.832GiB / 7.225GiB
1791154314,spark_master,0.20%,504.7MiB / 7.225GiB
1791154314,spark_worker_a,181.07%,1.964GiB / 7.225GiB
1791154314,spark_worker_b,180.83%,1.828GiB / 7.225GiB
1791154316,spark_master,1.10%,506.1MiB / 7.225GiB
1791154316,spark_worker_a,165.78%,1.98GiB / 7.225GiB
1791154316,spark_worker_b,175.67%,1.848GiB / 7.225GiB
1791154318,spark_master,0.25%,505.9MiB / 7.225GiB
1791154318,spark_worker_a,170.41%,1.98GiB / 7.225GiB
1791154318,spark_worker_b,174.34%,1.847GiB / 7.225GiB
1791154320,spark_master,0.88%,506.1MiB / 7.225GiB
1791154320,spark_worker_a,181.69%,1.98GiB / 7.225GiB
1791154320,spark_worker_b,183.84%,1.848GiB / 7.225GiB
1791154322,spark_master,0.45%,506.5MiB / 7.225GiB
1791154322,spark_worker_a,185.91%,1.98GiB / 7.225GiB
1791154322,spark_worker_b,180.37%,1.847GiB / 7.225GiB
1791154324,spark_master,0.13%,506.1MiB / 7.225GiB
1791154324,spark_worker_a,181.93%,1.98GiB / 7.225GiB
1791154324,spark_worker_b,185.64%,1.847GiB / 7.225GiB
1791154326,spark_master,0.17%,506.3MiB / 7.225GiB
1791154326,spark_worker_a,176.43%,1.98GiB / 7.225GiB
1791154326,spark_worker_b,190.71%,1.848GiB / 7.225GiB
1791154328,spark_master,0.53%,506.8MiB / 7.225GiB
1791154328,spark_worker_a,187.25%,1.98GiB / 7.225GiB
1791154328,spark_worker_b,177.83%,1.848GiB / 7.225GiB
1791154330,spark_master,0.37%,506.7MiB / 7.225GiB
1791154330,spark_worker_a,179.09%,1.979GiB / 7.225GiB
1791154330,spark_worker_b,187.47%,1.846GiB / 7.225GiB
1791154332,spark_master,0.96%,507MiB / 7.225GiB
1791154332,spark_worker_a,182.34%,1.979GiB / 7.225GiB
1791154332,spark_worker_b,181.73%,1.847GiB / 7.225GiB
1791154334,spark_master,0.15%,507MiB / 7.225GiB
1791154334,spark_worker_a,185.94%,1.977GiB / 7.225GiB
1791154334,spark_worker_b,181.91%,1.846GiB / 7.225GiB
1791154336,spark_master,1.06%,507.2MiB / 7.225GiB
1791154336,spark_worker_a,102.01%,1.979GiB / 7.225GiB
1791154336,spark_worker_b,200.01%,1.844GiB / 7.225GiB
1791154338,spark_master,0.21%,507.1MiB / 7.225GiB
1791154338,spark_worker_a,0.17%,1.978GiB / 7.225GiB
1791154338,spark_worker_b,104.31%,1.838GiB / 7.225GiB
1791154340,spark_master,16.94%,522.1MiB / 7.225GiB
1791154340,spark_worker_a,122.17%,1.984GiB / 7.225GiB
1791154340,spark_worker_b,125.56%,1.789GiB / 7.225GiB
1791154343,spark_master,21.65%,543.8MiB / 7.225GiB
1791154343,spark_worker_a,7.78%,1.997GiB / 7.225GiB
1791154343,spark_worker_b,11.36%,1.784GiB / 7.225GiB
1791154345,spark_master,0.30%,544.4MiB / 7.225GiB
1791154345,spark_worker_a,0.27%,1.998GiB / 7.225GiB
1791154345,spark_worker_b,0.20%,1.785GiB / 7.225GiB
1791154347,spark_master,0.36%,544.3MiB / 7.225GiB
1791154347,spark_worker_a,0.30%,1.998GiB / 7.225GiB
1791154347,spark_worker_b,0.20%,1.785GiB / 7.225GiB
1791154349,spark_master,0.94%,543.5MiB / 7.225GiB
1791154349,spark_worker_a,0.36%,1.998GiB / 7.225GiB
1791154349,spark_worker_b,0.44%,1.785GiB / 7.225GiB
1791154351,spark_master,3.21%,544.6MiB / 7.225GiB
1791154351,spark_worker_a,2.40%,1.998GiB / 7.225GiB
1791154351,spark_worker_b,0.39%,1.785GiB / 7.225GiB
1791154353,spark_master,0.39%,543.9MiB / 7.225GiB
1791154353,spark_worker_a,0.36%,1.998GiB / 7.225GiB
1791154353,spark_worker_b,0.23%,1.785GiB / 7.225GiB
1791154355,spark_master,0.33%,543.9MiB / 7.225GiB
1791154355,spark_worker_a,0.26%,1.998GiB / 7.225GiB
1791154355,spark_worker_b,0.29%,1.785GiB / 7.225GiB
1791154357,spark_master,0.42%,543.9MiB / 7.225GiB
1791154357,spark_worker_a,0.34%,1.996GiB / 7.225GiB
1791154357,spark_worker_b,0.25%,1.785GiB / 7.225GiB
1791154359,spark_master,0.44%,544.1MiB / 7.225GiB
1791154359,spark_worker_a,0.35%,1.995GiB / 7.225GiB
1791154359,spark_worker_b,0.32%,1.785GiB / 7.225GiB
1791154361,spark_master,1.08%,544.4MiB / 7.225GiB
1791154361,spark_worker_a,2.70%,1.995GiB / 7.225GiB
1791154361,spark_worker_b,0.63%,1.785GiB / 7.225GiB
1791154363,spark_master,1.78%,544.4MiB / 7.225GiB
1791154363,spark_worker_a,0.41%,1.994GiB / 7.225GiB
1791154363,spark_worker_b,0.44%,1.785GiB / 7.225GiB
1791154365,spark_master,0.59%,544.9MiB / 7.225GiB
1791154365,spark_worker_a,0.67%,1.993GiB / 7.225GiB
1791154365,spark_worker_b,0.47%,1.785GiB / 7.225GiB
1791154367,spark_master,0.57%,544.7MiB / 7.225GiB
1791154367,spark_worker_a,0.43%,1.993GiB / 7.225GiB
1791154367,spark_worker_b,0.36%,1.785GiB / 7.225GiB
1791154369,spark_master,0.38%,544.2MiB / 7.225GiB
1791154369,spark_worker_a,0.29%,1.991GiB / 7.225GiB
1791154369,spark_worker_b,0.23%,1.785GiB / 7.225GiB
1791154371,spark_master,0.36%,544.5MiB / 7.225GiB
1791154371,spark_worker_a,0.38%,1.99GiB / 7.225GiB
1791154371,spark_worker_b,0.26%,1.785GiB / 7.225GiB
1791154373,spark_master,0.47%,544.5MiB / 7.225GiB
1791154373,spark_worker_a,0.37%,1.989GiB / 7.225GiB
1791154373,spark_worker_b,0.29%,1.785GiB / 7.225GiB
1791154375,spark_master,0.39%,544.2MiB / 7.225GiB
1791154375,spark_worker_a,0.31%,1.987GiB / 7.225GiB
1791154375,spark_worker_b,0.25%,1.785GiB / 7.225GiB
1791154377,spark_master,0.32%,544.5MiB / 7.225GiB
1791154377,spark_worker_a,0.21%,1.985GiB / 7.225GiB
1791154377,spark_worker_b,0.17%,1.784GiB / 7.225GiB
1791154379,spark_master,0.36%,544.5MiB / 7.225GiB
1791154379,spark_worker_a,0.31%,1.983GiB / 7.225GiB
1791154379,spark_worker_b,0.28%,1.784GiB / 7.225GiB
1791154381,spark_master,1.73%,545.3MiB / 7.225GiB
1791154381,spark_worker_a,0.67%,1.982GiB / 7.225GiB
1791154381,spark_worker_b,0.53%,1.785GiB / 7.225GiB
1791154383,spark_master,0.34%,544.4MiB / 7.225GiB
1791154383,spark_worker_a,0.24%,1.979GiB / 7.225GiB
1791154383,spark_worker_b,0.24%,1.784GiB / 7.225GiB
1791154385,spark_master,0.45%,544.4MiB / 7.225GiB
1791154385,spark_worker_a,0.33%,1.978GiB / 7.225GiB
1791154385,spark_worker_b,0.28%,1.784GiB / 7.225GiB
1791154387,spark_master,0.27%,545.3MiB / 7.225GiB
1791154387,spark_worker_a,0.22%,1.949GiB / 7.225GiB
1791154387,spark_worker_b,0.19%,1.781GiB / 7.225GiB
1791154389,spark_master,1.35%,545.6MiB / 7.225GiB
1791154389,spark_worker_a,0.26%,1.935GiB / 7.225GiB
1791154389,spark_worker_b,0.39%,1.75GiB / 7.225GiB
1791154391,spark_master,0.85%,558.3MiB / 7.225GiB
1791154391,spark_worker_a,0.21%,1.931GiB / 7.225GiB
1791154391,spark_worker_b,0.20%,1.733GiB / 7.225GiB
1791154393,spark_master,0.71%,558.6MiB / 7.225GiB
1791154393,spark_worker_a,0.67%,1.93GiB / 7.225GiB
1791154393,spark_worker_b,0.35%,1.734GiB / 7.225GiB
1791154395,spark_master,0.50%,559.1MiB / 7.225GiB
1791154395,spark_worker_a,0.49%,1.922GiB / 7.225GiB
1791154395,spark_worker_b,0.52%,1.734GiB / 7.225GiB
1791154397,spark_master,0.71%,567.9MiB / 7.225GiB
1791154397,spark_worker_a,0.45%,1.825GiB / 7.225GiB
1791154397,spark_worker_b,0.40%,1.737GiB / 7.225GiB
1791154399,spark_master,0.48%,558.4MiB / 7.225GiB
1791154399,spark_worker_a,0.25%,1.826GiB / 7.225GiB
1791154399,spark_worker_b,0.18%,1.737GiB / 7.225GiB
1791154401,spark_master,0.77%,557.7MiB / 7.225GiB
1791154401,spark_worker_a,0.55%,1.825GiB / 7.225GiB
1791154401,spark_worker_b,0.63%,1.737GiB / 7.225GiB
1791154403,spark_master,0.45%,546.8MiB / 7.225GiB
1791154403,spark_worker_a,0.27%,1.823GiB / 7.225GiB
1791154403,spark_worker_b,0.36%,1.735GiB / 7.225GiB
1791154405,spark_master,0.30%,546.4MiB / 7.225GiB
1791154405,spark_worker_a,0.31%,1.784GiB / 7.225GiB
1791154405,spark_worker_b,2.22%,1.697GiB / 7.225GiB
1791154407,spark_master,0.29%,546.3MiB / 7.225GiB
1791154407,spark_worker_a,0.25%,1.784GiB / 7.225GiB
1791154407,spark_worker_b,0.19%,1.696GiB / 7.225GiB
1791154409,spark_master,52.84%,560.1MiB / 7.225GiB
1791154409,spark_worker_a,0.32%,1.777GiB / 7.225GiB
1791154409,spark_worker_b,0.34%,1.697GiB / 7.225GiB
1791154411,spark_master,101.76%,568.4MiB / 7.225GiB
1791154411,spark_worker_a,1.06%,1.773GiB / 7.225GiB
1791154411,spark_worker_b,0.88%,1.698GiB / 7.225GiB
1791154413,spark_master,0.38%,567.1MiB / 7.225GiB
1791154413,spark_worker_a,0.27%,1.774GiB / 7.225GiB
1791154413,spark_worker_b,0.29%,1.7GiB / 7.225GiB
1791154415,spark_master,0.31%,565.9MiB / 7.225GiB
1791154415,spark_worker_a,0.27%,1.773GiB / 7.225GiB
1791154415,spark_worker_b,0.19%,1.699GiB / 7.225GiB
1791154417,spark_master,0.28%,565.2MiB / 7.225GiB
1791154417,spark_worker_a,0.29%,1.773GiB / 7.225GiB
1791154417,spark_worker_b,0.18%,1.7GiB / 7.225GiB
1791154419,spark_master,0.51%,563.3MiB / 7.225GiB
1791154419,spark_worker_a,0.41%,1.773GiB / 7.225GiB
1791154419,spark_worker_b,0.34%,1.699GiB / 7.225GiB
1791154421,spark_master,1.01%,562.6MiB / 7.225GiB
1791154421,spark_worker_a,0.23%,1.774GiB / 7.225GiB
1791154421,spark_worker_b,0.17%,1.7GiB / 7.225GiB
1791154423,spark_master,0.57%,561MiB / 7.225GiB
1791154423,spark_worker_a,0.51%,1.773GiB / 7.225GiB
1791154423,spark_worker_b,0.38%,1.699GiB / 7.225GiB
1791154425,spark_master,0.44%,561.4MiB / 7.225GiB
1791154425,spark_worker_a,0.20%,1.774GiB / 7.225GiB
1791154425,spark_worker_b,0.48%,1.7GiB / 7.225GiB
1791154427,spark_master,0.47%,560.9MiB / 7.225GiB
1791154427,spark_worker_a,0.38%,1.773GiB / 7.225GiB
1791154427,spark_worker_b,0.41%,1.699GiB / 7.225GiB
1791154429,spark_master,0.56%,560.9MiB / 7.225GiB
1791154429,spark_worker_a,0.41%,1.774GiB / 7.225GiB
1791154429,spark_worker_b,0.33%,1.699GiB / 7.225GiB
1791154431,spark_master,1.74%,561.3MiB / 7.225GiB
1791154431,spark_worker_a,0.41%,1.773GiB / 7.225GiB
1791154431,spark_worker_b,0.88%,1.7GiB / 7.225GiB
1791154434,spark_master,0.28%,561MiB / 7.225GiB
1791154434,spark_worker_a,0.24%,1.774GiB / 7.225GiB
1791154434,spark_worker_b,0.16%,1.7GiB / 7.225GiB
1791154436,spark_master,0.38%,560.9MiB / 7.225GiB
1791154436,spark_worker_a,0.34%,1.774GiB / 7.225GiB
1791154436,spark_worker_b,0.36%,1.699GiB / 7.225GiB
